PRAGMA foreign_keys=OFF;
BEGIN TRANSACTION;
CREATE TABLE [User] (
    [user_id]      INTEGER PRIMARY KEY AUTOINCREMENT,
    [username]     TEXT    NOT NULL,
    [password]     TEXT    NOT NULL,
    [email]        TEXT    NULL,
    [phone]        TEXT    NULL,
    [city]         TEXT    NULL,
    [device_id]    TEXT    NULL,
    [date_created] TEXT    NULL
);
INSERT INTO User VALUES(1,'mitul','123456','mitu@email.com','1234567890','Hamilton','you-not-gonna-get-this-sorry','1969-12-31');
CREATE TABLE [Zone] (
    [id]   INTEGER PRIMARY KEY AUTOINCREMENT,
    [name] TEXT    NOT NULL
);
INSERT INTO Zone VALUES(1,'Ahmedabad');
INSERT INTO Zone VALUES(2,'Gandhinagar');
INSERT INTO Zone VALUES(3,'Rajkot');
INSERT INTO Zone VALUES(4,'Surat');
INSERT INTO Zone VALUES(5,'V. V. Nagar');
CREATE TABLE [State] (
    [id]   INTEGER PRIMARY KEY AUTOINCREMENT,
    [name] TEXT    NOT NULL
);
INSERT INTO State VALUES(19,'Gujarat');
INSERT INTO State VALUES(20,'Maharastra');
INSERT INTO State VALUES(21,'Karnataka');
INSERT INTO State VALUES(22,'Goa');
CREATE TABLE [District] (
    [id]   INTEGER PRIMARY KEY AUTOINCREMENT,
    [name] TEXT    NOT NULL,

    [state_id] INTEGER NULL,

    FOREIGN KEY([state_id]) REFERENCES [State]([id])
);
INSERT INTO District VALUES(1,'Ahmedabad',1);
INSERT INTO District VALUES(2,'Amreli',1);
INSERT INTO District VALUES(3,'Anand',1);
INSERT INTO District VALUES(4,'Banaskatha',1);
INSERT INTO District VALUES(5,'Bharuch',1);
INSERT INTO District VALUES(6,'Bhavnagar',1);
INSERT INTO District VALUES(7,'Dahod',1);
INSERT INTO District VALUES(8,'Gandhinagar',1);
INSERT INTO District VALUES(9,'Jamnagar',1);
INSERT INTO District VALUES(10,'Junagadh',1);
INSERT INTO District VALUES(11,'Kheda',1);
INSERT INTO District VALUES(12,'Kutch',1);
INSERT INTO District VALUES(13,'Mehsana',1);
INSERT INTO District VALUES(14,'Navsari',1);
INSERT INTO District VALUES(15,'Panchmahal',1);
INSERT INTO District VALUES(16,'Patan',1);
INSERT INTO District VALUES(17,'Rajkot',1);
INSERT INTO District VALUES(18,'Sabarkantha',1);
INSERT INTO District VALUES(19,'Surat',1);
INSERT INTO District VALUES(20,'Surendranagar',1);
INSERT INTO District VALUES(21,'Vadodara',1);
INSERT INTO District VALUES(22,'Valsad',1);
INSERT INTO District VALUES(23,'Botad',1);
INSERT INTO District VALUES(24,'Aravalli',1);
INSERT INTO District VALUES(25,'Morbi',1);
INSERT INTO District VALUES(26,'Chhota Udepur',1);
INSERT INTO District VALUES(27,'Dang',1);
INSERT INTO District VALUES(28,'Narmada',1);
INSERT INTO District VALUES(29,'Porbandar',1);
INSERT INTO District VALUES(30,'Tapi',1);
CREATE TABLE [City] (
    [id]   INTEGER PRIMARY KEY AUTOINCREMENT,
    [name] TEXT    NOT NULL,

    [state_id]    INTEGER NULL,
    [district_id] INTEGER NULL,

    FOREIGN KEY([state_id])    REFERENCES [State]([id]),
    FOREIGN KEY([district_id]) REFERENCES [District]([id])
);
INSERT INTO City VALUES(1,'Ahmedabad / Viramgam',1,1);
INSERT INTO City VALUES(4,'Bharuch',1,5);
INSERT INTO City VALUES(5,'Bhavnagar / Botad / Amreli / Dhari',1,6);
INSERT INTO City VALUES(13,'Gandhinagar / Kalol',1,8);
INSERT INTO City VALUES(14,'Godhra / Dahod / Panchamahal',1,15);
INSERT INTO City VALUES(15,'Himmatnagar / Sabarkantha / Vadali',1,18);
INSERT INTO City VALUES(18,'Junagadh / Porbandar / Upleta',1,10);
INSERT INTO City VALUES(21,'Kheda / Nadiad / Kapadvanj',1,11);
INSERT INTO City VALUES(24,'Mehsana / Patan / Visnagar / Bhandu / Jotana / Kherva / Vadnagar',1,13);
INSERT INTO City VALUES(28,'Navsari / Valsad',1,14);
INSERT INTO City VALUES(30,'Palanpur',1,4);
INSERT INTO City VALUES(34,'Rajkot / Jamnagar / Morbi',1,17);
INSERT INTO City VALUES(37,'Surat / Vyara',1,19);
INSERT INTO City VALUES(38,'Surendranagar / Wadhwan',1,20);
INSERT INTO City VALUES(40,'V.V.Nagar',1,3);
INSERT INTO City VALUES(41,'Vadodara / Narmada',1,21);
INSERT INTO City VALUES(51,'Chhota Udepur',1,26);
INSERT INTO City VALUES(52,'Dang',1,27);
INSERT INTO City VALUES(56,'Kutch / Bhuj / Adipur',1,12);
CREATE TABLE [CollegeType] (
    [id]   INTEGER PRIMARY KEY AUTOINCREMENT,
    [type] TEXT    NOT NULL
);
INSERT INTO CollegeType VALUES(1,'Gov.');
INSERT INTO CollegeType VALUES(2,'SFI');
INSERT INTO CollegeType VALUES(3,'GIA');
INSERT INTO CollegeType VALUES(4,'PPP');
CREATE TABLE [Bank] (
    [id]       INTEGER PRIMARY KEY AUTOINCREMENT,
    [name]     TEXT    NOT NULL,
    [address]  TEXT    NULL
);
INSERT INTO Bank VALUES(834,'Dena Bank, Ambawadi','Arbuda Apartments, Dr.S Radhakrishnan Hall Rd.Ahmedabad-380015');
INSERT INTO Bank VALUES(835,'Dena Bank, Amraiwadi','117, Krishna Complex, Purnima petrol, Near wonder point(CTM), Ahmedabad0380026');
INSERT INTO Bank VALUES(836,'Dena Bank, Ashramroad','Dena laxmi building, Ground floor, 188/A, Ashram road, Ahmedabad-380009');
INSERT INTO Bank VALUES(837,'Dena Bank, Bapunagar','Anup Chambers, Gurunanak Society, Beh vikram mill.Bapunagar, Ahmedabad');
INSERT INTO Bank VALUES(838,'Dena Bank, Bavla','Dena bank, Shop no 108, 109, 110, Silverplaza, Station road, Bavla-382220');
INSERT INTO Bank VALUES(839,'Dena Bank, Bodakdev','DB Bodakdev 1,  Ground Floor, Shivalik High Street Nera keshav baugh party plot, Vastrapur, Ahmedabad');
INSERT INTO Bank VALUES(840,'Dena Bank, Bopal','J B Park, Sterling city club, Tal.Dascroi, Dist.Ahmedabad, Pin-380054');
INSERT INTO Bank VALUES(841,'Dena Bank, Chandkheda','Ground Floor, Maruti Nandan complex, opp.AMTS Bus stop, Chandkheda- 382424');
INSERT INTO Bank VALUES(842,'Dena Bank, Changodar','GF, Shop No 4, Business square, Opp ramdev masala, Changodar, Main road, Ahemdanad, Ahmedabad-332213');
INSERT INTO Bank VALUES(843,'Dena Bank, Dhandhuka','Station Road, Dist.Ahmedabad, Pin-382460');
INSERT INTO Bank VALUES(844,'Dena Bank, Dholka','Mahajan Complex, Main Branch, Block No.2/448, Dholka Bazar, Dist.Ahmedabad-387810');
INSERT INTO Bank VALUES(845,'Dena Bank, Ellis Bridge','Pritam Rai road, Ahmedabad-380006');
INSERT INTO Bank VALUES(846,'Dena Bank, Gota','Ground Floor, Aditi Avenue, Opp.Vishwas city, Ahmedabad');
INSERT INTO Bank VALUES(847,'Dena Bank, Ishanpur','Opp.Govindwadi, Isanpur, Ahmedabad');
INSERT INTO Bank VALUES(848,'Dena Bank, Jetalpur','Near Gram Panchayat office, Tal.Daskroi, Dist.Ahmedabad, Pin-382426');
INSERT INTO Bank VALUES(849,'Dena Bank, Maninagar( E )','D K Complex, Near Kashi Bishwanath mahadev mandir, Maninagar (East), Ahmedabad');
INSERT INTO Bank VALUES(850,'Dena Bank, Maninagar(W)','Char Rasta, Maninagar(W), Ahmedabad');
INSERT INTO Bank VALUES(851,'Dena Bank, Naroda','1-A,  Ghia Nagar Society,  Opp.AMTS Bus Terminals, Ahmedabad 382235');
INSERT INTO Bank VALUES(852,'Dena Bank, Navrangpura','Surya Complex, Near Swastik cross road, Ahmedabad-380009');
INSERT INTO Bank VALUES(853,'Dena Bank, Nawa Wadaz','Near Jaldhara soc., Bhimjipura, Nava Vadaj, Ahmedabad');
INSERT INTO Bank VALUES(854,'Dena Bank, Nikol Road','Shop no 13 to 16, Panchratana avenue, NarodaNikol road, Ahmedabad');
INSERT INTO Bank VALUES(855,'Dena Bank, Odhav','Near bhikshuk gruh, GIDC Compund, Odhav, Ahmedabad');
INSERT INTO Bank VALUES(856,'Dena Bank, Pragati Nagar','36 Maitrinagar, near Pragatinagar bus stop, Ahmedabad');
INSERT INTO Bank VALUES(857,'Dena Bank, Puspkunj','Pushpakunj Society, Love Complex, Kankaria, Ahmedabad-380028');
INSERT INTO Bank VALUES(858,'Dena Bank, Sanand','1st floor, Hare krishna complex, Opp.S T bus stand, Dist.Ahmedabad-382110');
INSERT INTO Bank VALUES(859,'Dena Bank, Relief Road','Opp Murtimant Complex,  Relief Road, Ahmedabad 380001');
INSERT INTO Bank VALUES(860,'Dena Bank, Satellite','7/10, Ratnadeep complex, Opp.Tejdhara bunglow, Near rahul tower, Anand nagar, Satellite, Ahmedabad-380015');
INSERT INTO Bank VALUES(861,'Dena Bank, Shahibaugh','Sanjay Soci., Opp.Police Commissioner, Sahibag, Ahmedabad-380004');
INSERT INTO Bank VALUES(862,'Dena Bank, Sola Road','Shop no 15, Agrawal Tower, Bhuyangdev cross road, Sola road, Ahmedabad- 380061');
INSERT INTO Bank VALUES(863,'Dena Bank, Vasna','N K House, Vasna, Opp.Tel.Exchange, Ahmedabad-380007');
INSERT INTO Bank VALUES(864,'Dena Bank, Viramgam','Vithalbhai patel road, Viramgam-382145, Dist.Ahmedabad');
INSERT INTO Bank VALUES(865,'Dena Bank, Amreli','Girdharlal, Sangharalay, Near city bus station, Amreli');
INSERT INTO Bank VALUES(866,'Dena Bank, Rajula','Main Bazar, Doshi Bhavan, Rajula, 364/560 Dist.Amreli.');
INSERT INTO Bank VALUES(867,'Dena Bank, Borsad','Shiv Chamber, S M Patel chakla, Borsad-388540, Dist-Valsad');
INSERT INTO Bank VALUES(868,'Dena Bank, Dharmaj','Near Tower, Tal.Petlad, Dharmaj-388430, Dist.Anand');
INSERT INTO Bank VALUES(869,'Dena Bank, Khambhat','Near Sardar tower, Stn.Road(Khambat), Khambhat-388620, Dist.Anand');
INSERT INTO Bank VALUES(870,'Dena Bank, Anand','Nehru road, Gamdiward, Anand');
INSERT INTO Bank VALUES(871,'Dena Bank, Petlad','Suraj Chambers, Station road, P B No.12, Petlad-388450, Dist.Anand');
INSERT INTO Bank VALUES(872,'Dena Bank, Vidya Nagar','Dena Bank Ground floor radha vandan complex, near DCB Bank Mota bazar vallabh vidya nagar-388120');
INSERT INTO Bank VALUES(873,'Dena Bank, Ganeshpur','Shamlaji road, Ganeshpura, Tal.Modasa, Dist.Aravalli');
INSERT INTO Bank VALUES(874,'Dena Bank, Modasa','Main Bazar road, Opp. Nagar Panchayat Office, Modasa- 383315, Dist.Sabarkantha');
INSERT INTO Bank VALUES(875,'Dena Bank, Dessa','Jagruti Complex, Near Fuvera Circle, Dessa-385536');
INSERT INTO Bank VALUES(876,'Dena Bank, Banaskantha','Somnath Plaza, Abu road highway, Navjivan society, Palanpur-385001');
INSERT INTO Bank VALUES(877,'Dena Bank, Jagana','At & Po Jagana, Tal.Palanpur, Dist.Banaskantha-385001');
INSERT INTO Bank VALUES(878,'Dena Bank, Palanpur','Raigandhi, Amir road, Palanpur-385001, Dist.Banaskantha');
INSERT INTO Bank VALUES(879,'Dena Bank, Ankleshwar','M/31, Wakharia Gin Compound, Opp.ITI college, Goya Bazar, Ankleshwar');
INSERT INTO Bank VALUES(880,'Dena Bank, Bharuch','Shalimar Shopping centre, Bharuch-392001, Dist.Bharuch');
INSERT INTO Bank VALUES(881,'Dena Bank, Dawn','2594 Ambawadi Road, Krishna nagar-364001, Dist.Bhavnagar');
INSERT INTO Bank VALUES(882,'Dena Bank, Khargate','Khragate, Dena bhavan, P B No.15, Bhavnagar-364001');
INSERT INTO Bank VALUES(883,'Dena Bank, Sihor','Main bazar, Danapith, Sihor');
INSERT INTO Bank VALUES(884,'Dena Bank, Bhavnagar','Gijubhai Badheka marg, opp.Takhteshwar,  Bhavnagar-364002');
INSERT INTO Bank VALUES(885,'Dena Bank, Botad','Station road, Botad-364710, Dist.Bhavnagar');
INSERT INTO Bank VALUES(886,'Dena Bank, Chhotaudepur','Bhagvan Complex.Rani bunglow, station road, Dist.Chhotaudepur- 391165');
INSERT INTO Bank VALUES(887,'Dena Bank, Dahod','4754, Hanuman Bazar, Tal.Dahod-389151, Dist.Dahod');
INSERT INTO Bank VALUES(888,'Dena Bank, Jalod','1st floor, Shooping center, Near prabhuta party plot, banswada road, Jalod');
INSERT INTO Bank VALUES(889,'Dena Bank, Daman','H.K.Plaza, opp.Bilbose market, Nani Daman, At & Po Daman.');
INSERT INTO Bank VALUES(890,'Dena Bank, Silvassa','Kalyan kunj, Via vapi, Silvassa-396230, Dist.Dadra & Nagar Haveli (U T)');
INSERT INTO Bank VALUES(891,'Dena Bank, Dwarka','Hotel Mera Building, Railwy Station Road, Dwarka');
INSERT INTO Bank VALUES(892,'Dena Bank, Bhat','Post:Bhat Dist.Gandhinagar, Bhat-383428');
INSERT INTO Bank VALUES(893,'Dena Bank, Kalol','Station road, kalol-382721 Tal.Kalol, Dist.Gandhinagar');
INSERT INTO Bank VALUES(894,'Dena Bank, Gandhinagar','Plot No.320-321, GH-4, Gandhinagar-382016, Dist.Gandhinagar');
INSERT INTO Bank VALUES(895,'Dena Bank, Gandhinagar','Sector 22,  Shopping centre, opp.post office, Gandhinagar-382022');
INSERT INTO Bank VALUES(896,'Dena Bank, Veraval','Amrutdeep, Rajendra Bhawan Road, Veraval-362265');
INSERT INTO Bank VALUES(897,'Dena Bank, Jamnagar','Hawai Chowk, Setavad, Opp.G.D High school, Jamnagar-361001');
INSERT INTO Bank VALUES(898,'Dena Bank, Kalawad Road','Main bazar, Sitla, Kalavad-361160, Dist.Jamnagar');
INSERT INTO Bank VALUES(899,'Dena Bank, Patel Colony Jamnagar','Jamnagar(Bunder Road), Patel Colony, Jamnagar-361001');
INSERT INTO Bank VALUES(900,'Dena Bank, Kesod','Riddhi Sidhi complex, Near char chowk , Keshod.');
INSERT INTO Bank VALUES(901,'Dena Bank, M.G.Road Junagadh','Mahatama gandhi road, Ranavav chowk, P B No.67, Junagadh-362001');
INSERT INTO Bank VALUES(902,'Dena Bank, Una','Abhe Chad Gandhi marg, Near KV School, Near UNA Peoples co.op Bank, Dist.Gir Somnath-362560');
INSERT INTO Bank VALUES(903,'Dena Bank, Kapadwanj','1st Floor, Benjiban market, opp.Nagar palika, Kapadwanj, Dist.Kheda.');
INSERT INTO Bank VALUES(904,'Dena Bank, Kheda','Raja Shopping Centre, Bazar Road, Kheda-387411');
INSERT INTO Bank VALUES(905,'Dena Bank, Mehemadabad','Nadiadi gate, Bhavsarvad, Mehmedabad-387130, Dist.Kheda');
INSERT INTO Bank VALUES(906,'Dena Bank, Nadiad','Karmvir Landmark, Desai Vago, Naidiad-387001');
INSERT INTO Bank VALUES(907,'Dena Bank, Gandhidham','Nirav Chmber, plot no.13, Sec.9, Gandhidham.');
INSERT INTO Bank VALUES(908,'Dena Bank, Kera','Shree Swaminarayan temple, Tal.Bhuj, Kera:370230, Dist.Kutch');
INSERT INTO Bank VALUES(909,'Dena Bank, Mandhvi','Near Sub.Jail, Bundar road, Mandvi-370465, Dist.Kutch');
INSERT INTO Bank VALUES(910,'Dena Bank, Mundra','Near Bus Stand, Dist.Kutch, Mundra-370421');
INSERT INTO Bank VALUES(911,'Dena Bank, Naya Anjar','Thacker Bapa Vidhyarthi Ashram Building, Near GSRTC bus station, Naya Anjar-370110, Dist.Kutch');
INSERT INTO Bank VALUES(912,'Dena Bank, Vijay Nagar','Hospital road, Vijay nagar, Bhuj-370001(Gujarat)');
INSERT INTO Bank VALUES(913,'Dena Bank, Lunawada','Huwara Chowk, Lunawada-389230, Dist.Panchmahal');
INSERT INTO Bank VALUES(914,'Dena Bank, Jagudan','At & Po Jagudan-382710, Dist.Mehsana');
INSERT INTO Bank VALUES(915,'Dena Bank, Kadi','Near S T Bus stand, Datroj road Kadi-382715, Dist.Mahesana');
INSERT INTO Bank VALUES(916,'Dena Bank, Rajmahal Road','Laxmi niwas, Mehsana-384001');
INSERT INTO Bank VALUES(917,'Dena Bank, Unjha','Sardar V P road, Laxmi Bhuvan, Unjha-384170, Dist.Mehsana');
INSERT INTO Bank VALUES(918,'Dena Bank, Visnagar','Opp.Mamlatdar office, Darbar road, Visnagar-384315, Mehsana');
INSERT INTO Bank VALUES(919,'Dena Bank, Morbi','Nehru Gate, Dist.Rajkot, Morbi-363641');
INSERT INTO Bank VALUES(920,'Dena Bank, Wakaner','Pratap Road, Wakaner-363621, Dist.Rajkot');
INSERT INTO Bank VALUES(921,'Dena Bank, Rajpipla','Station road, Rajpipla-393145, Dist.Narmada, Rajpipla');
INSERT INTO Bank VALUES(922,'Dena Bank, Jalalpore','Jalalpore road, opp.post office, Jalalpore-396445, Dist.Navsari');
INSERT INTO Bank VALUES(923,'Dena Bank, S R Navsari','Jyoti Traders, Fuvera, B/H Telephone exchange, Navsari.');
INSERT INTO Bank VALUES(924,'Dena Bank, Godhra','Nava bazar, Patel Wada, Dist.Panchmahal, Godhra-389001');
INSERT INTO Bank VALUES(925,'Dena Bank, Patan','Gajanand Complex, Near Bus stand, Patan.');
INSERT INTO Bank VALUES(926,'Dena Bank, Sidhpur','Jadiavir Naka, Sidhpur (N.G) 384051, Dist-Patan');
INSERT INTO Bank VALUES(927,'Dena Bank, Porbandar','3, Wadi plot, Porbandar-360575, Dist.Porbandar');
INSERT INTO Bank VALUES(928,'Dena Bank, Bhakti Nagar','Bapunagar, 80ft road, Bhaktinagar, Rajkot.');
INSERT INTO Bank VALUES(929,'Dena Bank, Dhoraji','Galaxy Chowk, Station Road, P B No.46, Dhoraji-360410, Dist.Rajkot');
INSERT INTO Bank VALUES(930,'Dena Bank, Gondal','18, Bhagwat bazar, Dist.Rajlot, Gondal-360311');
INSERT INTO Bank VALUES(931,'Dena Bank, Jagnath plot','Oman bhavan, Dr.Yagnik road, Rajkot-360001');
INSERT INTO Bank VALUES(932,'Dena Bank, Jetpur','Khodpara main road, Jetpur-360370, Dist.Rajkot');
INSERT INTO Bank VALUES(933,'Dena Bank, Metoda','Ramraj Comm complex, opp.GIDC Gate 2, kalwad Rd., Rajkot');
INSERT INTO Bank VALUES(934,'Dena Bank, Para Bazar','Torla Bldg., Para bazar, Subhash road, Opp.Shashtri mansion, Rajkot-360001');
INSERT INTO Bank VALUES(935,'Dena Bank, Race Course','Race course road, Kisanpara chowk, Rajkot-360001');
INSERT INTO Bank VALUES(936,'Dena Bank, Himmatnagar','Juvira Shopping Centre, Dr.Gandhi road, Himmatnagar- 383001, Dist.Sabarkantha');
INSERT INTO Bank VALUES(937,'Dena Bank, Ider','Damodar Complex, Near Petrol Pump, Idar');
INSERT INTO Bank VALUES(938,'Dena Bank, Khedbrahma','Sardar chowk, Near Railway station, Khedbrahma-383255, Dist.Sabarkantha');
INSERT INTO Bank VALUES(939,'Dena Bank, Bardoli','Shanti Niwas, Sardar baug, Bardoli-394602, Dist.Surat');
INSERT INTO Bank VALUES(940,'Dena Bank, Bhestan','Sai Square complex, NavsariRoad, Tal.Choryashi, Surat-394210');
INSERT INTO Bank VALUES(941,'Dena Bank, Katargam','Plot No.A-16, Patel Indl.Co-op.Society, Opp.Balshrma main road, Surat- 395004');
INSERT INTO Bank VALUES(942,'Dena Bank, Medical College','Majura Gate, Ring road, Surat-395001');
INSERT INTO Bank VALUES(943,'Dena Bank, NanaVarchha Road','127-Sheyash Diamond centre, B/H-Geeta bakery, Mini baar, N.V.Road, Surat- 395006');
INSERT INTO Bank VALUES(944,'Dena Bank, Nanpura','Saher Building, Makai Bridge, Swami vivekanand circle, Nanpura, Surat- 395001');
INSERT INTO Bank VALUES(945,'Dena Bank, Parle Point','Prabhudarshan complex, Opp.Jain derasar, Athwa lines, Surat-395001');
INSERT INTO Bank VALUES(946,'Dena Bank, Sahara Gate','Yaksha kamal, Reshamwala Market, 26/6 ring road, Surat-395001');
INSERT INTO Bank VALUES(947,'Dena Bank, Tarsadi','605, Shanti Niketan, Zandi Chowk, Station Kosamba, Tal.Mangrol, Tarsadi- 394120, Dist.Surat');
INSERT INTO Bank VALUES(948,'Dena Bank, Vapi','Nr.Bhavsar Petrol Pump, Rosy Empire Bldg., Silvassa');
INSERT INTO Bank VALUES(949,'Dena Bank, Dhrangdhra','Shakti Mata temple road, Dharangadhra-363310, Dist.Surendranagar');
INSERT INTO Bank VALUES(950,'Dena Bank, Limdi','Mahalakshmi complex, Near Vegetable market, Bahelapara, Limbdi');
INSERT INTO Bank VALUES(951,'Dena Bank, Surendranagar','Main Road, Mehta Market, Dist.Surendranagar-363001');
INSERT INTO Bank VALUES(952,'Dena Bank, Wadhwan','Masjid chowk, Main bazar, Wadhwan-363030 Dist.Surendranagar');
INSERT INTO Bank VALUES(953,'Dena Bank, Vyara','Kanchwala Street, Dist.Vyara, Surat-394650');
INSERT INTO Bank VALUES(954,'Dena Bank, Ajwa Road','Mastan Commercial chambers, Outside Pani gate, Vadodara-390017');
INSERT INTO Bank VALUES(955,'Dena Bank, Alkapuri','R.C Dutt road, Plot 503, Behind centre point, Vadodara-390005');
INSERT INTO Bank VALUES(956,'Dena Bank, Dabhoi','Groun floor, Shiv Complex, Opp.Radhe complex, Nr.Vadodari, Bhagol, Dabhoi.');
INSERT INTO Bank VALUES(957,'Dena Bank, Fatehganj','Opp.Methodist church, Vadodar-390005');
INSERT INTO Bank VALUES(958,'Dena Bank, Makarpura','Vimal Society corner, Opp.ONGC, Vadodara-390005');
INSERT INTO Bank VALUES(959,'Dena Bank, Padra','Gandhi chowk, Padra-391440, Dist.Vadodara');
INSERT INTO Bank VALUES(960,'Dena Bank, Por','Dena bank, 1st floor,  Shanti niwas, Kayavarohan road, Dist.Vadodara-391243');
INSERT INTO Bank VALUES(961,'Dena Bank, R V Desai Road','Jaitarna Bldg.Dist.Vadodara, Vadodar-390001');
INSERT INTO Bank VALUES(962,'Dena Bank, Sankada/Mokshi','Opp.Jalaram Temple, Post mokshi, Tal.Savli, Dist.Vadodara, Gujarat, Vadodara-3917780');
INSERT INTO Bank VALUES(963,'Dena Bank, VIP Road','Amit Complex, Vadodara-390022');
INSERT INTO Bank VALUES(964,'Dena Bank, Waghodia','Sheetal Apartment, 1st floor, waghod, opp.S.T.Bus stand, Dist.Vadodara, Waghodia-391760');
INSERT INTO Bank VALUES(965,'Dena Bank, Valsad','M G Road, Bulsar, Valsad-396001, Dist.Valsad');
INSERT INTO Bank VALUES(966,'Dena Bank, Billi Mora','Panchal Bhavan, Limda chowk, Billimora.');
INSERT INTO Bank VALUES(967,'Dena Bank, Dharampur','Samdi Chowk, Dharampur, Via Valsad.');
CREATE TABLE [HelpCenter] (
    [id]       INTEGER PRIMARY KEY AUTOINCREMENT,
    [name]     TEXT    NOT NULL,
    [address]  TEXT    NULL
);
INSERT INTO HelpCenter VALUES(1,'GOVERNMENT POLYTECHNIC FOR GIRLS,AHMEDABAD','Opp. P R L, Nr.L D College Of Engg., Navrangpura, Ahmedabad-380015');
INSERT INTO HelpCenter VALUES(2,'GOVERNMENT MCA COLLEGE,MANINAGAR','Shri K K Shastri Shaikshnik Sankul,Khokhara, Maninagar East,Ahmedabad');
INSERT INTO HelpCenter VALUES(3,'R. C. TECHNICAL INSTITUTE,AHMEDABAD','Opp.Gujarat High Court,S G Highway,Sola,Ahmedabad-380060');
INSERT INTO HelpCenter VALUES(4,'GOVERNMENT POLYTECHNIC,AHMEDABAD. (HC-1)','Nr. Panjarapole, Ambavadi, Ahmedabad-380015');
INSERT INTO HelpCenter VALUES(5,'GOVERNMENT POLYTECHNIC,AHMEDABAD. (HC-2)','Nr. Panjarapole, Ambavadi, Ahmedabad-380015');
INSERT INTO HelpCenter VALUES(6,'ALPHA COLLEGE OF ENGG. & TECHNOLOGY,','404, 4th Floor, Vajendra Complex, Near Devendra Bus Stop, Naranpura AEC Road, Naranpura, Ahmedabad - 380013');
INSERT INTO HelpCenter VALUES(7,'SWAMI KRISHANAJEEVANDAS INSTI OF TECH','Hansalpur,Sokli,Ta-Viramgam, Dist. Ahmedabad-382150');
INSERT INTO HelpCenter VALUES(8,'L. J. POLYTECHNIC','Nr.Sanand-Sarkhej Circle,S G Highway ,Ahmedabad-382210');
INSERT INTO HelpCenter VALUES(9,'SHRI N. M. GOPANI POLYTECHNIC INSTITUTE,RANPUR','Kinara,Ranpur,Dist-Botad');
INSERT INTO HelpCenter VALUES(10,'GOVERNMENT POLYTECHNIC,GANDHINAGAR','K-6,Gidc Electronics Industrial Estate,Sector-26,Gandhinagar-382026');
INSERT INTO HelpCenter VALUES(11,'EXCEL INSTITUTE OF DIPLOMA STUDIES,KALOL','Nr.Amrit Hotel,Chhatral -Gandhinagar Road,Ta. Kalol, Dist. Gandhinagar-382721.');
INSERT INTO HelpCenter VALUES(12,'ATUL POLYTECHNIC,KHADAT','Nr.Wir Bunglows, Mahudi Rd At & Po Khadat, Ta., Mansa, Gandhinagar-382855');
INSERT INTO HelpCenter VALUES(13,'V.P.M.P. POLYTECHNIC, GANDHINAGAR','LDRP ITR Campus,KH-5 circle, Nr. ITI, Sector-15,Gandhinagar-382015.');
INSERT INTO HelpCenter VALUES(14,'SHANKARSINH VAGHELA BAPU TECHNICAL CAMPUS','Gandhinagar- Mansa Road. Po. Vasan-382650');
INSERT INTO HelpCenter VALUES(15,'SHREE SWAMINARAYAN POLYTECHNIC GANDHINAGAR','Shree Swaminarayan Gurukul, opp. Traffic Police Station, Sector-22 Gandhinagar-382022');
INSERT INTO HelpCenter VALUES(16,'GOVERNMENT POLYTECHNIC, KHEDA','P. N. Technical High School Campus, Dakor Road,Kapadvanj- 387620');
INSERT INTO HelpCenter VALUES(17,'D. A. DIPLOMA ENGG. AND TECHNOLOGY,MAHEMDAVAD,','Nr. Khataraj Chokadi, At & Po: Mahemdavad, Dist:Kheda.');
INSERT INTO HelpCenter VALUES(18,'R.H.PATEL INSTI. OF TECHNOLOGY,GOBLAJ','Nr. Water City, N.H.No.8, ,Goblaj, Kheda.');
INSERT INTO HelpCenter VALUES(19,'DALIA INSTI. OF DIPLOMA STUDIES,KANERA','Kheda-Ahmedabad Highway,Kanera, Near Bareja N.H.No.8 ,Ta & Dist Kheda-387540.');
INSERT INTO HelpCenter VALUES(20,'BALASINOR COLLEGE OF POLYTECHNIC','Baidap Road, At & Po: Balasinor, Dist: Mahisagar');
INSERT INTO HelpCenter VALUES(21,'IMAGE ENGG. AND TECHNOLOGY INSTITUTE','Nr. Valukas Crossing,Kheda-Tarapur Road,At:Ashalali, Ta: Matar, Dist: Kheda.');
INSERT INTO HelpCenter VALUES(22,'EFFORTS POLYTECHNIC,AMBAV','AT & PO.AMBAV, TA: GALTESHWAR, DIST: KHEDA, Pin : 388250');
INSERT INTO HelpCenter VALUES(23,'B AND B INSTITUTE OF TECHNOLOGY, V V NAGAR','Vallabh Vidhyanagar,Dist Anand-388 120');
INSERT INTO HelpCenter VALUES(24,'IPCOWALA INSTITUTE OF ENGG. & TECHNOLOGY, PETLAD','Amrapali Township , Petlad Khambhat Road, Dharmaj.');
INSERT INTO HelpCenter VALUES(25,'GOVERNMENT POLYTECHNIC, CHOTTA UDEPUR','Old Palace,Fatepur,Chotta Udepur-391165');
INSERT INTO HelpCenter VALUES(26,'GOVERNMENT POLYTECHNIC,DAHOD','Zalod Road,Dahod-389151');
INSERT INTO HelpCenter VALUES(27,'GOVERNMENT POLYTECHNIC,GODHRA','RS 235, Near Gadukpur village,B/H Maruti nagar, Bamroli Road, Godhra, Pin-389001');
INSERT INTO HelpCenter VALUES(28,'H. B. PATEL INSTITUTE OF DIPLOMA ENGG. & TECH.,LIMBODARA','Limbodara,Ta. Lunawada, Dist: Mahisagar-389 230.');
INSERT INTO HelpCenter VALUES(29,'POLYTECHNIC, M. S. UNIVERSITY','Near Shastri Bridge, Fatehgunj, Vadodara – 390008.');
INSERT INTO HelpCenter VALUES(30,'PARUL POLYTECHNIC INSTITUTE , VADODARA','P.O. : Limda,Taluka : Waghodia,Vadodara');
INSERT INTO HelpCenter VALUES(31,'S.B. POLYTECHNIC, SAVLI','K.J. Campus, Opp. Iti, Javala-Savli Road, At&Po : Savli, Vadodara-391770');
INSERT INTO HelpCenter VALUES(32,'SIGMA POLYTECHNIC (Formerly known as RMS POLYTECHNIC), VADODARA','Ajawa – Nimeta Road,At.: Bakrol, Ta.:Waghodia, Dist.: Vadodara,Pin:390019.');
INSERT INTO HelpCenter VALUES(33,'K. J. INSTITUTE OF ENGINEERING & TECHNOLOGY','211, C Wing, 2Nd Floor, Opp. Manubhai Tower, Opp. M.S.University Arts Faculty, Sayaji Ganj, Vadodara-390005');
INSERT INTO HelpCenter VALUES(34,'BUTLER POLYTECHNIC,VADODARA','M T I Campus,New Sama Road,Vadodara-390008');
INSERT INTO HelpCenter VALUES(35,'PARUL INSTITUTE OF ENGG. AND TECHNOLOGY(DS), VADODARA','Ground Floor,Roshani Technology Park,Opp. Water Tank,Karelibag,Vadodara-390018.');
INSERT INTO HelpCenter VALUES(36,'SIGMA INSTITUTE OF TECHNOLOGY & ENGG., VADODARA','Yansi School,Dwarkesh Building,Near Hundai Show Room, Opp. Sona Park Society Makarpura Main Road, Vadodara');
INSERT INTO HelpCenter VALUES(37,'FACULTY of DIPLOMA ENGINEERING (Neotech Education)','Vinayak Square, Opp. Amrapali Complex, Nr.Muktanand Crosing, Karelibaug, Vadodara-390018');
INSERT INTO HelpCenter VALUES(38,'GOVERNMENT POLYTECHNIC,PALANPUR','Opp. Malan Gate, Ambaji Road, Palanpur – 385 001.');
INSERT INTO HelpCenter VALUES(39,'GOVERNMENT POLYTECHNIC,VADNAGAR','Nr. ITI, Vadnagar -384355, Dist.-Mehsana.');
INSERT INTO HelpCenter VALUES(40,'M.L.INSTITUTE OF DIPLOMA STUDIES','Lalji Park,Unjha- Mehsana Highway At&Po: Bhandu, Ta.-Visnagar Dist.Mehsana');
INSERT INTO HelpCenter VALUES(41,'SHREE HARI POLYTECHNIC INSTITUTE, KADI','Gurukul Campus, Po: Nani Kadi, Ta: Kadi, Dist: Mehsana-382715.');
INSERT INTO HelpCenter VALUES(42,'NAVSARJAN POLYTECHNIC, RAMPUR(KUWAIDA)','Vijapur-Himmatnagar Highway, Near Gandhnigar-Mahudi Road At.:Rampur(Kuwaida), Ta. Vijapur, Dist.Mehsana.');
INSERT INTO HelpCenter VALUES(43,'SHRI B.S.PATEL POLYTECHNIC, KHERVA','Ganpat Vidhyanagar, Mehsana-Gandhinagar Highway, Kherva – 382711.');
INSERT INTO HelpCenter VALUES(44,'SWAMI SACCHIDANAND POLYTECHNIC COLLEGE, VISNAGAR','Sakalchand Patel Vidhyadham,Kamana Cross Road, Visnagar-384 315.');
INSERT INTO HelpCenter VALUES(45,'SHREE VASUDEVBHAI & KANTIBHAI PATEL INSTITUTE OF ENGINEERING (DIPLOMA ENGG.), NANIKADI','Meghna Campus, Kadi-Kalyanpura Road,At. Nanikadi,Ta.Kadi, Dist. Mehsana-382715.');
INSERT INTO HelpCenter VALUES(46,'Dr.NATUBHAI P. PATEL POLYTECHNIC,JOTANA','Dr. Natubhai P Patel Polytechnic,Near Railway Station, At- Po- Jotana, Ta- Jotana, Dist- Mehsana');
INSERT INTO HelpCenter VALUES(47,'S. P. B. PATEL ENGINEERING COLLEGE','1, Madhuvan Complex, Above Punjab National Bank, Gujarat State Highway, Mehsana-3844 35');
INSERT INTO HelpCenter VALUES(48,'SHRI SATSANGI SAKETDHAM “RAM ASHRAM” GROUP OF INSTITUTIONS','At. Po. Vadasma, Ta. Dist. Mehsana');
INSERT INTO HelpCenter VALUES(49,'K. D .POLYTECHNIC,PATAN','Opp. T.B.Hospital, North Gujarat University Road, Patan – 384265');
INSERT INTO HelpCenter VALUES(50,'JASHODABA POLYTECHNIC INSTITUTE , SIDHPUR','Sujanpur Patia, Opp. I.O.C, State Highway - 41, Sidhpur -384151, Dist. Patan.');
INSERT INTO HelpCenter VALUES(51,'SMT. R.S.PATEL INSTI. OF DIPLOMA ENGG., SHELAVI','At & Post- Palasar, Near Shelavi Railway Station, Ta- Chanasma, Dist- Patan, Pin code- 384235');
INSERT INTO HelpCenter VALUES(52,'GOVERNMENT POLYTECHNIC,HIMMATNAGAR','Gadhoda Road,N.H. No.– 8, Motipura, Himmatnagar–383 001.');
INSERT INTO HelpCenter VALUES(53,'GOVERNMENT ENGINEERING COLLEGE, MODASA','Shamalaji Road, Modasa-383315.');
INSERT INTO HelpCenter VALUES(55,'VED VYAS POLYTECHNIC, HIMMATNAGAR','Block No., 323, Opp Sabar Dairy Nh 8, Hajipur, Himmatnagar-383001.');
INSERT INTO HelpCenter VALUES(56,'GROW MORE FACULTY OF DIPLOMA ENGG., HIMMATNAGAR','Ahmedabad-Udepur Highway, Ta.:Himmatnagar, Dist.-Sabarkantha-383001.');
INSERT INTO HelpCenter VALUES(57,'ARRDEKTA INSTITUTE OF TECHNOLOGY, KHEDBHRMA','Po: Navi Metral ,Ta: Khedbrahma Dist.: Sabarkantha');
INSERT INTO HelpCenter VALUES(58,'GUJARAT INSTITUTE OF TECHNICAL STUDIES','Way from Vajapur, Nr. Asian Granito Ltd. Ahmedabad- Himmatnagar N.H. At. Moyad Ta. Prantij Dist. Sabarkantha');
INSERT INTO HelpCenter VALUES(59,'GOVERNMENT POLYTECHNIC,BHUJ','Opp. Hill Garden, Airport Road, Bhuj Kutchh.-370001');
INSERT INTO HelpCenter VALUES(60,'T.F.GANDHIDHAM POLYTECHNIC,ADIPUR','Nr. Railway Station, Opp. Lilasha Dhrmshala, Adipur - 370205, (Kutchh).');
INSERT INTO HelpCenter VALUES(61,'VEERAYTAN GROUP OF INSTITIONS-FACULTY OF ENGG,MANDVI','Haripar, Bhuj-Mandvi Road,Mandvi, Kutch');
INSERT INTO HelpCenter VALUES(62,'HJD INST. OF TECHNICAL EDUCATION & RESEARCH','Kera-Mundra Road, Gajod, At. Kera, ta. Bhuj, Kutch-370430');
INSERT INTO HelpCenter VALUES(63,'A.V.PAREKH TECHNICAL INSTITUTE,RAJKOT','LRUC Building, Dr. Yagnik Rd, Rajkot – 360001');
INSERT INTO HelpCenter VALUES(64,'GOVERNMENT POLYTECHNIC,RAJKOT','Nr. Aji Dam Bhavnagar Rd, Rajkot – 360003');
INSERT INTO HelpCenter VALUES(65,'LAKHDHIRJI ENGG. COLLEGE,MORBI','Morbi-363642, Dist.:Rajkot');
INSERT INTO HelpCenter VALUES(66,'SANJAYBHAI RAJGURU COLLEGE OF DIPLOMA ENGG','“Sanjayraj Estate”, Nr. Jilla Panchayat Chowk, Race Course Road, Nr. Raymond Showroom,Rajkot- 360 001');
INSERT INTO HelpCenter VALUES(67,'ASIATIC INSTITUTE OF SCIENCE & TECH.,DIPLOMA COLLEGE','Gondal Jamvadi National Highway, At: Jamvadi, Ta: Gondal, Dist: Rajkot');
INSERT INTO HelpCenter VALUES(68,'SURAJ MUCHCHALA POLYTECHNIC,RAJKOT','Gondal-Jetpur Road Nh-8 B, At :Chordi,Ta:Gondal Dist: Rajkot.');
INSERT INTO HelpCenter VALUES(69,'CHRIST POLYTECHNIC INSTITUTE,RAJKOT','St. Marys School, Nr. Wockhart Hospital, Kalavad Road, Rajkot');
INSERT INTO HelpCenter VALUES(70,'ATMIYA INSTITUE OF TECHNOLOGY,RAJKOT','Yogi Dham, Kalawad Rd, Rajkot-360005.');
INSERT INTO HelpCenter VALUES(71,'SCHOOL OF DIPLOMA STUDIES-R K UNIVERSITY,RAJKOT','R. K. Physiotherapy Center, Opp. Meganirang Bhavan,Bhaktinagar Circle, Rajkot');
INSERT INTO HelpCenter VALUES(72,'DARSHAN INST. OF ENG. & TECH. FOR DIPLOMA STUDIES, RAJKOT','At. Hadala, Rajkot-Morbi Highway, Rajkot-363650');
INSERT INTO HelpCenter VALUES(73,'RADHE INSTITUTE of ENGINEERING & TECHNOLOGY,UPLETA','Vadala Road, Nr. Kishan Dairy, Upleta, Dist. Rajkot, Pin:360490');
INSERT INTO HelpCenter VALUES(75,'C.U.SHAH GOVERNMENT POLYTECHNIC, SURENDRANAGAR','Nr. Boda Talav, Gidc Road, P.O. Wadhwan, Surendranagar- 363 001');
INSERT INTO HelpCenter VALUES(76,'C.U.SHAH TECHNICAL INSTITUTE OF DIPLOMA STUDIES,WADHWAN','At Kothariya, Ta. Wadhwan City, Dist. Surendranagar–363030');
INSERT INTO HelpCenter VALUES(77,'SARVODAYA POLYTECHNIC INSTITUTE, LIMBDI','Nr Gopal Nagar, At&Po: Untadi, Ta-Limbdi, Dist.-Surendranagar');
INSERT INTO HelpCenter VALUES(78,'SHRI K.J.POLYTECHNIC,BHARUCH','Old National Highway, Bholav Rest House, Bharuch- 392002.');
INSERT INTO HelpCenter VALUES(79,'VALIA POLYTECHNIC COLLEGE BHARUCH','Nr. Maniba Gyandeep Hostel, Desad Road, Valia Dist. Bharuch-393135');
INSERT INTO HelpCenter VALUES(80,'LEADS INSTITUTE OF TECHNOLOGY & ENGINEERING','Karjan Amod Road, Matar, Ta. Amod, Dist. Bharuch.');
INSERT INTO HelpCenter VALUES(81,'GOVERNMENT POLYTECHNIC, WAGHAI','Aahva-Dang');
INSERT INTO HelpCenter VALUES(82,'GOVERNMENT POLYTECHNIC,NAVSARI','C/O, Sir Humi Mehta Tech. High School & Tech. Insti.,Navsari');
INSERT INTO HelpCenter VALUES(83,'N. G. PATEL POLYTECHNIC,ISROLI','Bardoli-Navsari Road, Isroli, Afwa-394620');
INSERT INTO HelpCenter VALUES(84,'VALLABHBUDHI POLYTECHNIC,NAVSARI','29, Bhanu Nagar, Eru-Aat Road, Jalalpore, Navsari-396450.');
INSERT INTO HelpCenter VALUES(85,'GOVERNMENT POLYTECHNIC, VYARY','Government Technical Institute, Vyara, Surat, Gujarat - 394650');
INSERT INTO HelpCenter VALUES(86,'GOVERNMENT POLYTECHNIC FOR GIRLS,SURAT','Athava Gate ,Surat-395001.');
INSERT INTO HelpCenter VALUES(87,'DR.S.& S.S.GANDHI COLLEGE OF ENGG. AND TECHNOLOGY,SURAT','Majura Gate, Surat – 395001');
INSERT INTO HelpCenter VALUES(88,'BHULABHAI VANMALIBHAI PATEL INST. OF TECH.(DS),UMRAKH','Vidhyabharti Campus ,Umrakh-394345, Ta.-Bardoli, Dist.-Surat');
INSERT INTO HelpCenter VALUES(89,'VIDHYADEEP INSTITUTE OF MANAGEMENT & TECHNOLOGY(DIPLOMA),KIM','At & Po:Anita(Kim), Ta:Olpad, Dist:Surat, Pin :394110');
INSERT INTO HelpCenter VALUES(90,'BHAGVAN MAHAVIR POLYTECHNIC,SURAT','Sr-149, Nr Ashirvad Villa Raw House,Bharathana, Vesu Gam, Ta.- Choriyasi, Surat SURAT');
INSERT INTO HelpCenter VALUES(91,'A Y DADABHAI TECHNICAL INSTITUTE,KOSAMBA','Kosamba-Mahuvaj Road,Kosamba( East), Surat – 394120.');
INSERT INTO HelpCenter VALUES(92,'S T B S TAPI COLLEGE OF DIPLOMA ENGG,SURAT','Varachha Road, Kapodra, Ta.- Choriyasi, Dist.-Surat-395006');
INSERT INTO HelpCenter VALUES(93,'CHHOTUBHAI GOPALBHAI PATEL INSTITUTE OF TECHNOLOGY','Maliba Campus, Gopal Vidyanagar, Bardoli- Mahuva Road, Bardoli Dist. Surat');
INSERT INTO HelpCenter VALUES(94,'SHREE DHANVANTRAY COLLEGE OF DIPLOMA ENGG.','Nr.Kim railway station,Kim-kudsad road(Dhanvantary college road) Kim-Surat-394110');
INSERT INTO HelpCenter VALUES(95,'GOVERNMENT POLYTECHNIC, VALSAD','Kosamba Road, Valsad – 396001.');
INSERT INTO HelpCenter VALUES(96,'LAXMI INSTITUTE OF TECHNOLOGY','Post Bag No 15, Sarigam P.O., Valsad-396155');
INSERT INTO HelpCenter VALUES(97,'DR.J.N.MAHETA GOVERNMENT POLYTECHNIC,AMRELI','Lathi Road, Amreli: 365601.');
INSERT INTO HelpCenter VALUES(98,'ARUN MUCHHALA ENGINEERING COLLEGE','Khokhra Mahadev, Sarasiya road, Dhari Dist. Amreli-365640');
INSERT INTO HelpCenter VALUES(99,'SIR BHAVSINHJI POLYTECHNIC INSTITUTE','Vidhyanagar, Bhavnagar,.- 364002');
INSERT INTO HelpCenter VALUES(100,'SHRI J.M.SABVA INSTITUTE OF ENGG. & TECHNOLOGY','Aradhana Educational Campus Bhavnagar Road,Botad');
INSERT INTO HelpCenter VALUES(101,'BHAVNAGAR POLYTECHNIC INSTITUTE','Sanagath-Palitana road,behind Dhammapali Vipashyana center, Village-Todi, Ta-Sihor,Di-Bhavnagar');
INSERT INTO HelpCenter VALUES(102,'GOVERNMENT POLYTECHNIC,JAMNAGAR','Valsura Road, Po: Bedi,Jamnagar- 361009.');
INSERT INTO HelpCenter VALUES(103,'KALYAN POLYTECHNIC,JAMNAGAR','Aliyabada Road, Jambuda chowkdi, Vill. Shekhpat, Jamnagar-361110');
INSERT INTO HelpCenter VALUES(104,'GOVERNMENT POLYTECHNIC,JUNAGADH','Technical High School Campus,Pancheswar Road,Junagadh–362001.');
INSERT INTO HelpCenter VALUES(105,'AMRUT INSTITUTE,JUNAGADH','Khadiya Bilkha Road,Po. Toraniya,At. Khadiya -362 263 Dist.: Junagadh.');
INSERT INTO HelpCenter VALUES(106,'NOBLE GROUP OF INSTITUTIONS, JUNAGADH','Parth Vatika,Junagadh Bhesan Rd,Via. Vadal, Nr. Bamangam, Junagadh-362 310');
INSERT INTO HelpCenter VALUES(107,'N.R.VEKARIA INSTI. OF TECHNOLOGY','Commerce College Bilkha Road , Junagadh-362001');
INSERT INTO HelpCenter VALUES(108,'OM INSTI. OF ENG.& TECHNOLOGY,JUNAGADH,','Junagadh–Bhesan Road, At: Chokli, Dist.- Junagadh-362310');
INSERT INTO HelpCenter VALUES(109,'BALAJI INSTI. OF ENG. & TECH,JUNAGADH, JUNAGADH','At.-Makhiyala, Junagadh Dhoraji Highway, Dist.- Junagadh -362014.');
INSERT INTO HelpCenter VALUES(110,'DR. SUBHASH TECHNICAL CAMPUS,JUNAGADH, JUNAGADH','Opp. Khodiyar Temple,Khamdhrol Railway Crossing, Junagadh -362001');
INSERT INTO HelpCenter VALUES(111,'GOVERNMENT POLYTECHNIC,PORBANDAR, PORBANDAR','Near Air Port,Porbandar–360577.');
INSERT INTO HelpCenter VALUES(115,'SHREE H. N. SHUKLA DIPLOMA ENGEERING COLLEGE, RAJKOT','2-Vaishalinagar,Nr. Amrapali Railway Crossing , Raiya Road , Rajkot, 360003');
CREATE TABLE [Branch] (
    [id]      INTEGER PRIMARY KEY AUTOINCREMENT,
    [code]    INTEGER NOT NULL,
    [name]    TEXT    NOT NULL,
    [acronym] TEXT    NOT NULL
);
INSERT INTO Branch VALUES(2,2,'Automobile','AU');
INSERT INTO Branch VALUES(3,3,'Bio-Medical','BM');
INSERT INTO Branch VALUES(5,5,'Chemical','CH');
INSERT INTO Branch VALUES(6,6,'Civil','CI');
INSERT INTO Branch VALUES(7,7,'Computer','CE');
INSERT INTO Branch VALUES(9,9,'Electrical','EE');
INSERT INTO Branch VALUES(11,11,'Electronics & Communication','EC');
INSERT INTO Branch VALUES(13,13,'Environmental','EN');
INSERT INTO Branch VALUES(16,16,'Information Technology','IT');
INSERT INTO Branch VALUES(17,17,'Instrumentation and Control','IC');
INSERT INTO Branch VALUES(19,19,'Mechanical','ME');
INSERT INTO Branch VALUES(20,20,'Mechatronic','MC');
INSERT INTO Branch VALUES(21,21,'Metallurgy','MT');
INSERT INTO Branch VALUES(22,22,'Mining','MI');
INSERT INTO Branch VALUES(23,23,'Plastic Engineering','PT');
INSERT INTO Branch VALUES(24,24,'Power Electronics','PE');
INSERT INTO Branch VALUES(27,28,'Textile Processing','TP');
INSERT INTO Branch VALUES(28,29,'Textile Manufacturing Technology','TM');
INSERT INTO Branch VALUES(41,50,'Architectural Assistantship','ARCH');
INSERT INTO Branch VALUES(43,52,'Ceramic Technology','CERAMIC');
INSERT INTO Branch VALUES(44,55,'Fabrication Technology','FT');
INSERT INTO Branch VALUES(45,58,'Printing Technology','PT');
INSERT INTO Branch VALUES(46,11111,'Textile Chemistry','TTCH');
INSERT INTO Branch VALUES(47,60,'Transportation Engineering','TRANS');
INSERT INTO Branch VALUES(48,11112,'Petrochemical Engineering','PETRO');
INSERT INTO Branch VALUES(49,11113,'Textile Technology','TT');
INSERT INTO Branch VALUES(50,59,'Textile Designing','TD');
INSERT INTO Branch VALUES(51,51,'Aeronautical Engineering','AE');
INSERT INTO Branch VALUES(52,52,'Agricultural Engineering','AG');
INSERT INTO Branch VALUES(53,53,'Electrical & Electronics','E&E');
INSERT INTO Branch VALUES(54,52,'CDDM','CDDM');
INSERT INTO Branch VALUES(55,11114,'Plastic Mould Technology','PMT');
CREATE TABLE [University] (
    [id]          INTEGER PRIMARY KEY AUTOINCREMENT,
    [name]        TEXT    NOT NULL,
    [acronym]     TEXT    NOT NULL,
    [type]        TEXT    NULL,
    [phone]       TEXT    NULL,
    [address]     TEXT    NULL,
    [website]     TEXT    NULL,
    [email]       TEXT    NULL,
    [established] TEXT    NULL,

    [city_id]     INTEGER NULL,
    [district_id] INTEGER NULL,
    [state_id]    INTEGER NULL,

    FOREIGN KEY([city_id])     REFERENCES [City]([id]),
    FOREIGN KEY([district_id]) REFERENCES [District]([id]),
    FOREIGN KEY([state_id])    REFERENCES [State]([id])
);
INSERT INTO University VALUES(1,'Gujarat Technological University','GTU','State University','079-26300499','Nr. VGEC, Chandkheda, Ahmedabad - 382424','www.gtu.ac.in','info@gtu.ac.in','2008',1,1,1);
INSERT INTO University VALUES(2,'Dharmsinh Desai University','DDU','State University','0268-2520501/02','Post Box No. 35, College Road, Nadiad - 387001','www.ddu.ac.in','mail@ddu.ac.in','1968',21,11,1);
INSERT INTO University VALUES(3,'Maharaja Sayajirao University of Baroda','MSU','State University','0265-2789485','Opp. Drug. Lab, Vadodara - 390002','www.msubaroda.ac.in','info@msubaroda.ac.in','1949',41,21,1);
INSERT INTO University VALUES(4,'C. U. Shah University','C.U.Shah, Wadhwan','State Private University','02752-294005, 247712','Surendranagar-Ahmedabad Highway, Wadhwan - 363030','www.cushahuniversity.ac.in','provc.cushahuniv@gmail.com','1997',38,20,1);
INSERT INTO University VALUES(5,'RK University','RKU','State Private University','9712489122','Bhavnagar Highway, Kasturbadham, Rajkot - 360020','www.rku.ac.in','info@rku.ac.in','2005',34,17,1);
INSERT INTO University VALUES(6,'Rai University','Rai University','State Private University','08980004322/23/24/25','Saroda, Ta-Dholka, Ahmedabad - 382260','www.raiuniversity.edu','info@raiuniversity.edu','2012',1,1,1);
INSERT INTO University VALUES(7,'UKA Tarsadia University','UTU','State Private University','02625-254144,255882','Bardoli-Mahuva Road, Tarsadi - 394350, Surat','www.utu.ac.in','ceo@utu.ac.in','2011',37,19,1);
INSERT INTO University VALUES(8,'Ganpat University','Ganpat University','State Private University','02762-286080,286924/25','Ganpat Vidyanagar, Mehsana-Gozaria Highway, Mehsana - 384012','www.ganpatuniversity.ac.in','info@ganpatuniversity.ac.in','2005',13,13,1);
CREATE TABLE [College] (
    [id]             INTEGER PRIMARY KEY AUTOINCREMENT,
    [name]           TEXT    NOT NULL,
    [code]           TEXT    NULL,
    [acronym]        TEXT    NULL,
    [phone]          TEXT    NULL,
    [email]          TEXT    NULL,
    [website]        TEXT    NULL,
    [address]        TEXT    NULL,
    [fees]           TEXT    NULL,
    [hostel]         TEXT    NULL,
    [established]    TEXT    NULL,
    [admission_code] INTEGER NULL,

    [city_id]     INTEGER NULL,
    [district_id] INTEGER NULL,
    [state_id]    INTEGER NULL,
    [zone_id]     INTEGER NULL,

    [university_id]   INTEGER NULL,
    [college_type_id] INTEGER NULL,

    FOREIGN KEY([city_id])     REFERENCES [City]([id]),
    FOREIGN KEY([district_id]) REFERENCES [District]([id]),
    FOREIGN KEY([state_id])    REFERENCES [State]([id]),
    FOREIGN KEY([zone_id])     REFERENCES [Zone]([id]),

    FOREIGN KEY([university_id])   REFERENCES [University]([id]),
    FOREIGN KEY([college_type_id]) REFERENCES [CollegeType]([id])
);
INSERT INTO College VALUES(1,'Government Polytechnic, Ahmedabad','617','GP, Ahmedabad','(079) 26301285','gpahmedabad2000@yahoo.co.in','www.gpahmedabad.org','Ambavadi, Ahmedabad','1000','Boys','1954',1,1,1,1,1,1,1);
INSERT INTO College VALUES(2,'R. C. Technical Institute, Ahmedabad','640','RCTI, Ahmedabad','(079) 27664785','rctisola@yahoo.com','www.rcti.in','Opp. Gujarat High Court, S. G. Highway, Sola, Ahmedabad','1000','Boys',NULL,1,1,1,1,1,1,1);
INSERT INTO College VALUES(3,'Government Polytechnic for Girls, Ahmedabad','614','GP for Girls, Ahmedabad','(079) 26301581','principal.gpgahmedabad@gmail.com','www.girlspolyahmedabad.org.in','Opp. P.R.L, Near L. D. College of Engg. Navarangpura, Ahmedabad','1000','Girls',NULL,1,1,1,1,1,1,1);
INSERT INTO College VALUES(4,'DR. J. N. Mehta Government Polytechnic, Amreli','611','J. N. MEHTA, Amreli','(02792) 222921','drjnmgp@yahoo.co.in','www.gpamreli.org','Lathi Road,Nr.Railway Crossing,Amreli','1000','Girls',NULL,1,5,2,1,3,1,1);
INSERT INTO College VALUES(5,'Government Polytechnic, Palanpur','626','GP, Palanpur','(02742) 245219','gppalanpur05@rediffmail.com','www.gppalanpur.edu.in','Opp. Malan Gate, Ambaji Road, Palanpur','1000','Boys Girls','1984',1,30,4,1,2,1,1);
INSERT INTO College VALUES(6,'Shri K. J. Polytechnic, Bharuch','645','K. J. Polytechnic, Bharuch','(02642) 246402','kjPolytechnic@yahoo.com','www.kjpolytechnic.co.in','Old National Highway No. 8, Bholav Rest House, Bharuch','1000','Girls',NULL,1,4,5,1,4,1,1);
INSERT INTO College VALUES(7,'Government Polytechnic, Rajpipala','973','GP, Rajpipala','(02642) 246402','gprajpipla@gmail.com','www.sites.google.com/site/govtpolyrajpipla','Campus Of Shri K.J.Polytechnic, At&Post Bholav, Bharuch','1000','No',NULL,1,4,5,1,4,1,1);
INSERT INTO College VALUES(8,'Sir. Bhavsinhji Polytechnic Institute, Bhavnagar','649','Bhavsinhji Polytechnic, Bhavnagar','(0278) 2426742','principalbpti@yahoo.co.in','www.sirbpti.org.in','Vidhyanager, Bhavnagar','1000','Boys Girls',NULL,1,5,6,1,1,1,1);
INSERT INTO College VALUES(9,'Government Polytechnic, Dahod','630','GP, Dahod','(02673) 266681','fmsamol@yahoo.com','www.govtPolytechnicdahod.org','Zalod Road, Dahod','1000','Boys Girls','1959',1,14,7,1,5,1,1);
INSERT INTO College VALUES(10,'Government Polytechnic, Waghai','616','GP, Waghai','(02631) 292294',NULL,NULL,'Waghai, Rajendrapur, Village Waghai, Ta. Ahwa Di:Dang','1000','Boys','2006',1,52,27,1,4,1,1);
INSERT INTO College VALUES(11,'Government Polytechnic, Gandhinagar','623','GP, Gandhinagar','(079) 23287433','principal_gpg@yahoo.co.in','www.gpgandhinagar.edu.in','K-6, Electronics Indl. Estate, Sector-26, Gandhinagar','1000','Boys Girls',NULL,1,13,8,1,2,1,1);
INSERT INTO College VALUES(12,'Government Polytechnic, Jamnagar','625','GP, Jamnagar','(0288) 2755570','gpjamnagar@yahoo.com','www.gpjam.com','Valsura Road, PO: Bedi, Jamnagar','1000','Boys Girls','1983',1,34,9,1,3,1,1);
INSERT INTO College VALUES(13,'Government Polytechnic, Junagadh','619','GP, Junagadh','(0285) 2620247','gpjunagadh@yahoo.in','www.gpjunagadh.ac.in','Technical School Campus, Pancheswar Road, Junagadh','1000','No',NULL,1,18,10,1,3,1,1);
INSERT INTO College VALUES(14,'Government Polytechnic, Kheda','972','GP, Kheda','(02691) 252637',NULL,'www.govtpolytechnickheda.in','P.N.Technical High School, Kapadvanj, Di:Kheda','1000','No',NULL,1,21,11,1,5,1,1);
INSERT INTO College VALUES(15,'Government Polytechnic, Bhuj','621','GP, Bhuj','(02832) 299222','gpbhuj@yahoo.co.in','www.gpbhuj.org','Opp. Hill Garden, Air Port Road, Bhuj','1000','Boys',NULL,1,56,12,1,3,1,1);
INSERT INTO College VALUES(16,'Government Polytechnic, Vadnagar','628','GP, Vadnagar','(02761) 292555','gpvadnagar@yahoo.co.in','www.gpvadnagar.org','B/H S. T. Workshop Vadnagar','1000','Boys','2003',1,24,13,1,2,1,1);
INSERT INTO College VALUES(17,'Government Polytechnic, Navsari','975','GP, Navsari','(02637) 258611','gpnavsari2013@gmail.com','www.gpnavsari.org','Sir Homi Mehta Tech. High school, Boltighor Chhpara Road, Navsari','1000','Boys',NULL,1,28,14,1,4,1,1);
INSERT INTO College VALUES(18,'Government Polytechnic, Godhara','618','GP, Godhara','(02672) 253732','polygodhra@yahoo.com','www.gpgodhra.org','RS-235, Near Gadukpur Village, B/H Maruti Nagar, Bamroli Rd, Godhara','1000','Boys,Girls','2005',1,14,15,1,5,1,1);
INSERT INTO College VALUES(19,'K. D. Polytechnic, Patan','631','K. D. Polytechnic, Patan','(02766) 220419','principalkdp@yahoo.com','www.kdppatan.org.in','Opp. T.B.Hospital, North Gujarat University Road, Patan','1000','Boys Girls',NULL,1,24,16,1,2,1,1);
INSERT INTO College VALUES(20,'Government Polytechnic, Porbandar','627','GP, Porbandar','(0286) 2220553','gpporbandar@hotmail.com','www.gpporbandar.org','Near Air Port, Porbandar','1000','Boys Girls',NULL,1,18,29,1,3,1,1);
INSERT INTO College VALUES(21,'Government Polytechnic, Rajkot','620','GP, Rajkot','(0281) 2387391','do-64478-raj@gujarat.gov.in','www.gprakot.org','Near Aji Dam, Bhavnagar Road, Rajkot','1000','Boys Girls','1964',1,34,17,1,3,1,1);
INSERT INTO College VALUES(22,'A.V. Parekh Technical Institute, Rajkot','602','AVPTI, Rajkot','(0281) 2480175','avpti1948@yahoo.com','www.avpti.org','Dr. Yagnik Road, Rajkot','1000','Boys Girls','1948',1,34,17,1,3,1,1);
INSERT INTO College VALUES(23,'Lukhdhirji Engineering College, Morbi','634','LE, Morbi','(02822) 240743','principal@lecollege.org','www.lecollege.org','Morbi','1000','No',NULL,1,34,17,1,3,1,1);
INSERT INTO College VALUES(24,'Government Polytechnic, Himmatnagar','624','GP, Himmatangar','(02772) 229285','gphimatnagar_13@yahoo.co.in','www.gphimatnagar.edu.in','N.H. No. 8, Motipura, Himmatnagar','1000','Boys Girls','1983',1,15,18,1,1,1,1);
INSERT INTO College VALUES(25,'Government Polytechnic for Girls, Surat','615','GP for Girls, Surat','(0261) 2463017','ggpsurat@yahoo.co.in','www.ggpsurat.org','Athava Gate, Surat','1000','Girls','1972',1,37,19,1,4,1,1);
INSERT INTO College VALUES(26,'DR. S. & S. S. Gandhi College of Engg. and Tech., Surat','612','S. & S. S. Gandhi, Surat','(0261) 2650970','gecsrt@yahoo.com','www.ghandhycollegesurat.org','Majura Gate, Surat','1000','Boys Girls',NULL,1,37,19,1,4,1,1);
INSERT INTO College VALUES(27,'C. U. Shah Government Polytechnic, Wadhawan','609','C. U. Shah GP, Wadhawan','(02752) 243494','cucilp@yahoo.co.in','www.gpsurendranagar.org','Near Boda Talav, GIDC Road, Wadhawan, Surendranagar','1000','Boys Girls',NULL,1,38,20,1,1,4,1);
INSERT INTO College VALUES(28,'Government Polytechnic, Vyara','974','GP, Vyara','(02626) 220326','gpvyara@gmail.com','www.gpvyara.org','Government Technical High School Vyara, Vyara','1000','No',NULL,1,37,30,1,4,1,1);
INSERT INTO College VALUES(29,'Government Polytechnic, Chhota Udepur','622','GP, Chhota Udepur','(02669) 232754','gpchhotaudepur@yahoo.co.in','www.gpchhotaudepur.com','Old Palace, Fatepur, Chhota Udepur','1000','Boys','1994',1,51,26,1,5,1,1);
INSERT INTO College VALUES(30,'Government Polytechnic, Valsad','629','GP, Valsad','(02632) 253015','gpvalsad2004@yahoo.co.in','www.gpvalsad.org','Kosamba Road, Valsad','1000','Boys Girls',NULL,1,28,22,1,4,1,1);
INSERT INTO College VALUES(31,'B. & B. Institute of Tech. (GIA), V. V. Nagar','604','B. & B. (GIA), V. V. Nagar','(02692) 237240','principal@bbit.ac.in','www.bbit.ac.in','P.O.Box No.03, Mota Bazar, Opp. Iskon Temple, Vallabhvidhyanagar, Dist: Anand-388 120','1000','Boys Girls','1958',1,40,3,1,5,1,3);
INSERT INTO College VALUES(32,'Dharmsinh Desai Institute of Technology, Nadiad','902','DDIT (GIA), Nadiad','(0268) 2520502','registrar@ddu.ac.in','www.ddu.ac.in','College Road, Nadiad','1000','Boys Girls',NULL,1,21,11,1,5,2,3);
INSERT INTO College VALUES(33,'Tolani Foundation Gandhidham Polytechnic, Adipur','651','Tolani (GIA), Adipur','(02836) 260249','tfgpadp@yahoo.co.in','www.tolaniPolytechnic.ac.in','Collegiate Board Bungs-Z/2, Adipur','1000','Boys Girls',NULL,1,56,12,1,3,1,3);
INSERT INTO College VALUES(34,'Polytechnic, The M. S. University of Baroda','903','Polytechnic, MSU (GIA), Vadodara','(0265) 2783915','info@msubaroda.ac.in','www.msubaroda.ac.in','Near Shashtri Bridge, Fatehgujn, Vadodara','1000','Boys Girls',NULL,1,41,21,1,5,3,3);
INSERT INTO College VALUES(35,'Faculty of Tech. & Engg., The M. S. UNI., Baroda','906','Faculty of Tech. & Engg., MSU (GIA), Vadodara','(0265) 2789485','info@msubaroda.ac.in','www.msubaroda.ac.in','Post Box 51, Dandia Bazar, Vadodara','1000','No',NULL,1,41,21,1,5,3,3);
INSERT INTO College VALUES(36,'Shree. N. M. Gopani Polytechnic Institute, Ranpur','646','N. M. Gopani, Ranpur','(02711) 238661','nmgpranpur@yahoo.com','www.nmgp.co.in','Kinara Ranpur, Dist. Botad','45000','Boys Girls',NULL,1,5,23,1,1,1,2);
INSERT INTO College VALUES(37,'Swami Krishna Jeevandas Institute of Technology, Viramgam','632','Swami Krishna Jeevandas, Viramgam','(02715) 235100-200','kptit2008@gmail.com','www.kptit.in','Sokli, Ta. Viramgam','34000','Boys',NULL,1,1,1,1,1,1,2);
INSERT INTO College VALUES(38,'L. J. Polytechnic, Ahmedabad','633','L. J., Ahmedabad','(079) 29096539','ljp@ljinstitutes.org','www.ljinstitutes.org','Near Sanand-Sarkhej Circle, S. G. Highway, Ahmedabad','48000','No',NULL,1,1,1,1,1,1,2);
INSERT INTO College VALUES(40,'Arun Muchhala Engineering College, Amreli','699','Arun Muchhala, Dhari','(02797) 295370','amec.college@gmail.com','www.arunmuchhalagroups.com','Khokhara Mahadev, Sarasiya Road, Ta: Dhari Di:Amreli','36000','No',NULL,1,5,2,1,3,1,2);
INSERT INTO College VALUES(41,'B. & B. Institute of Tech. (SFI), V. V. Nagar','605','B. & B. (SFI), V. V. Nagar','(02692) 237240','principal@bbit.ac.in','www.bbit.ac.in','P.O.Box No.03, Mota Bazar, Opp. Iskon Temple, Vallabhvidhyanagar, Dist: Anand-388 120','62000','Boys Girls',NULL,1,40,3,1,5,1,2);
INSERT INTO College VALUES(42,'Valia Polytechnic College, Bharuch','688','VALIA, Bharuch','(02643) 270147',NULL,'www.valiapolytechnic.in','Desad Road, Near Maniba Gyandeep Hostel, Valia','39000','Boys Girls',NULL,1,4,5,1,4,1,2);
INSERT INTO College VALUES(43,'Sigma Engineering College, Bharuch','964','Sigma, Bharuch',NULL,NULL,NULL,'At Matar, Karjan-Amod Road Ta. Amod, Di:Bharuch','42000','No',NULL,1,4,5,1,4,1,2);
INSERT INTO College VALUES(44,'Shri J.M. Sabva Institute of Engineering & Technology, Botad','698','J. M. Sabva, Botad','(02849) 294550','jmsiet@gmail.com','www.jmsietbotad.in','Aradhana Shaikshanik Sankul Bhavnagar Road,Botad-364 710','32000','No',NULL,1,5,6,1,1,1,2);
INSERT INTO College VALUES(45,'VPMP Polytechnic, Gandhinagar','654','VPMP, Gandhinagar','(079) 23244870','vpmp2006@rediffmail.com','www.vpmp.ac.in','LDRP Campus, Sector-15, Gandhinagar','52000','Boys Girls',NULL,1,13,8,1,2,1,2);
INSERT INTO College VALUES(46,'Excel Institute of Diploma Studies, Kalol','613','Excel, Kalol','(02764) 323905','info@excelkalol.com','www.excelkalol.com','Nr. Amrit Hotel, Chhatral-Gandhinagar Road, Ola, Kalol','42000','No','2008',1,13,8,1,2,1,2);
INSERT INTO College VALUES(47,'Atul Polytechnic, Gandhinagar','664','Atul, Gandhinagar','(02763) 284412','atulPolytechnic2008@gmail.com','www.atulinstitute.co.in','Near PSL Factory, Mahudi Road, AT & PO Khadat, Ta. Mansa, Gandhinagar-382855','35000','Boys',NULL,1,13,8,1,2,1,2);
INSERT INTO College VALUES(48,'Swaminarayan College of Engineering & Technology, Gandhinagar','671','Swaminarayan College, Gandhinagar','(02764) 223805','sset_kalol@yahoo.com','www.svgkinfo.com','Saij, Ta. Kalol, Gandhinagar','34000','Boys',NULL,1,13,8,1,2,1,2);
INSERT INTO College VALUES(49,'F. D. (Mubin) Insti. of Engineering & Technology, Gandhinagar','675','F. D. (Mubin), Gandhinagar','(02716) 262244','fdmubin@yahoo.in','www.fdPolytechnic.org','S. No.: 582-587, At: Bahiyal Ta:Dehgam, Di:Gandhinagar','41000','Boys',NULL,1,13,8,1,2,1,2);
INSERT INTO College VALUES(50,'Alpha College of Engg. & Tech., Gandhinagar','694','Alpha, Gandhinagar','(02764) 281031','alphacet2009@gmail.com','www.alpha-cet.in','B/s Lincon Polymers, Vil:Khatraj, Via:Vadsar, Ta:Kalol','43000','No',NULL,1,13,8,1,2,1,2);
INSERT INTO College VALUES(51,'Universal College of Engineering & Technology, Gandhinagar','966','Universal, Gandhinagar','(02764) 281051','contactus@ucet.in','www.ucet.in','Village Bhoyan Moti, Ta. Kaol, Di:Gandhinagar','37000','No',NULL,1,13,8,1,2,1,2);
INSERT INTO College VALUES(52,'Navsarjan School of Technology, Gandhinagar','960','Navsarjan, Gandhinagar','(079) 23278171','jetdiploma@ymail.com','www.nstp.net.in','Piplaj-Pethapur, Ta -Dist : Gandhinagar','29000','No',NULL,1,13,8,1,2,1,2);
INSERT INTO College VALUES(53,'Shankarsinh Vaghela Bapu Technical Campus, Gandhinagar','965','Shankarsinh Vaghela, Gandhinagar','(079) 23976170','principal.svbit@bapugkv.ac.in','www.bapugkv.ac.in','Nr. Randheja Rly. Crossing, Unava, Vasan, Gandhinagar','36000','No',NULL,1,13,8,1,2,1,2);
INSERT INTO College VALUES(54,'Balaji Institute of Technology, Junagadh','663','Balaji, Junagadh','(0285) 2687238','balajitrust@ymail.com','www.bietjunagadh.org','At. Makhiyala Junagadh Dhoraji Highway, Di:Junagadh','43000','Boys',NULL,1,18,10,1,3,1,2);
INSERT INTO College VALUES(55,'Om Institute of Engineering & Technology, Junagadh','665','Om, Junagadh','(0285) 2680500','info@omeducation.edu.in','www.omeducation.edu.in','Junagadh-Bhesan Road, At. Chokli, Junagadh','42000','No',NULL,1,18,10,1,3,1,2);
INSERT INTO College VALUES(56,'N. R. Vekaria Institute of Technology, Junagadh','679','N. R. Vekaria, Junagadh','(0285) 2651358','nrvtechnology@yahoo.in','www.jjcet.edu.in','Commerce Law College, Bilkha Road, Junagadh','40000','No',NULL,1,18,10,1,3,1,2);
INSERT INTO College VALUES(57,'Noble Group of Institution, Junagadh','692','Noble, Junagadh','9904406642','necvbt@rediffmail.com','www.ngivbt.edu.in','Parth Vatika, Junagadh Bhesan Road, Via. Vadal, Nr. Bamangam, Junagadh','35000','Boys Girls',NULL,1,18,10,1,3,1,2);
INSERT INTO College VALUES(58,'AMRUT INSTITUTE, Junagadh','685','Amrut, Junagadh','8238945600/9099109845',NULL,'www.aij.ind.in','Khadiya Bilkha Road, Post. Toraniya At. Khadiya','41000','BOYS','0',1,18,10,1,3,1,2);
INSERT INTO College VALUES(59,'Dr. Subhash Technical Campus, Junagadh','695','Subhash, Junagadh','(0285) 2610055','info@drsubhashtech.edu.in','www.drsubhashtech.edu.in','Nr Khamdhrol Rly Crossing, Junagadh','40000','No',NULL,1,18,10,1,3,1,2);
INSERT INTO College VALUES(60,'Dalia Institute of Diploma Studies, Kheda','667','Dalia, Kheda','(02694) 277521','dids_kanera@rediffmail.com','www.dids.ac.in','At:Kanera, Near Bareja Ahmedabad-Kheda N.H. No. 8','45000','No',NULL,1,21,11,1,1,1,2);
INSERT INTO College VALUES(61,'Balasinor College of Polytechnic, Kheda','678','Balasinor, Kheda','(02690) 266805','info@bcpaet.org','www.bcpaet.org','Baidap Road, At & Po Balasinor, Di:Kheda','37000','Boys',NULL,1,21,11,1,1,1,2);
INSERT INTO College VALUES(62,'R.H Patel Institute of Technology, Kheda','641','R. H. Patel, Kheda','(02694) 277500','mkdit07@gmail.com','www.rhpitgoblaj.org','Nr. Water City, N.H.No.8, Gobalaj, Di:Kheda','37000','No',NULL,1,21,11,1,1,1,2);
INSERT INTO College VALUES(63,'D. A. Diploma Engg. & Technology, Kheda','682','D. A. Diploma, Kheda','(02694) 244781','info@dadet.in','www.dadet.in','At:Mahemdavad, Ta&Di:Kheda','36000','No',NULL,1,21,11,1,1,1,2);
INSERT INTO College VALUES(64,'Image Engg. & Tech. Institute, Kheda','683','Image, Kheda','9978900474','info@image.ac.in','www.image.ac.in','At & Po: Ashalali, Matar-khmabhat road Ta. Matar Dist: Kheda','42000','Boys',NULL,1,21,11,1,1,1,2);
INSERT INTO College VALUES(65,'Ipcowala Institute of Engg and Technology, Kheda','951','Ipcowala, Kheda','9924423779','info@iietedu.org','www.iietedu.org','Amrapali Township, Petlad-khambhat Road, Dharmaj','34000','No',NULL,1,21,11,1,1,1,2);
INSERT INTO College VALUES(66,'Tolani Foundation, Adipur','653','Tolani, Adipur','(02836) 260249','tfgpadp@yahoo.co.in','www.tolaniPolytechnic.ac.in','Gandhidham Polytechnic Collegiate Board Bungs-Z/2, Adipur','52000','Boys Girls',NULL,1,56,12,1,3,1,2);
INSERT INTO College VALUES(67,'Arham Veerayatan Polytechnic Institute, Kutch','697','Veeraytan, Kutch','(02834) 275261,275241','engg.admission@veerayatan.org','www.veereng.org','Haripar, Bhuj-Mandvi Road, Tal. Mandvi,Kutch','29000','BOYS GIRLS','0',1,56,12,1,3,1,2);
INSERT INTO College VALUES(68,'HJD Inst. of Technical Education & Research, Kera','968','HJD, Kera','(02832) 281085','hjdinstitute@gmail.com','www.hjdinstitute.org','Kera-Mundra Road, Kera, Kutch','37000','No',NULL,1,56,12,1,3,1,2);
INSERT INTO College VALUES(69,'Swami Sachchidanand Polytechnic, Visnagar','650','Swami Sachchidanand, Visnagar','(02765) 226745','sspcvsn@yahoo.com','www.sspc.ac.in','Sakalchand Patel Vidyadham, Kamana Cross Road, Vishnagar','41000','Boys Girls',NULL,1,24,13,1,2,1,2);
INSERT INTO College VALUES(70,'B. S. Patel Polytechnic, Kherva','644','B.S. Patel, Kherva','(02762) 286742','info.bspp@ganpatuniversity.ac.in','www.bspp.ac.in','Ganpat Vidyanagar, Mehsana-Gandhinagar Highway, Kherva','43000','Boys Girls','1996',1,24,13,1,2,8,2);
INSERT INTO College VALUES(71,'M. L. Institute of Diploma Studies, Bhandu','635','M. L. Institute, Bhandu','(02765) 287263','principal@milds.org','www.mlids.org','Unjha-Mehsana Highway, At & PO Bhandu, Ta. Visnagar','48000','Boys Girls',NULL,1,24,13,1,2,1,2);
INSERT INTO College VALUES(75,'Shree Hari Polytechnic Institute, Mehsana','677','Shree Hari Polytechnic, Mehsana','(02764) 240088','info@shpi.in','www.shpi.in','Nani Kadi, Tal. Kadi','39000','Boys',NULL,1,24,13,1,2,1,2);
INSERT INTO College VALUES(76,'Navsarjan Polytechnic, Mehsana','687','Navsarjan, Mehsana','(02763) 223488','jetdiploma@ymail.com','www.nsp.net.in','Vijapur-Himatanagar Highway, Near Gandhinagar-Mahudi Road, At:Rampur','29000','No',NULL,1,24,13,1,2,1,2);
INSERT INTO College VALUES(77,'S. P. B. Patel Engineering College, Mehsana','693','S. P. B. Patel, Mehsana','(02762) 285721','info@saffrony.ac.in','www.saffrony.ac.in','Ahmedabad-Mehsana Highway, Linch','39000','Boys Girls',NULL,1,24,13,1,2,1,2);
INSERT INTO College VALUES(78,'Shri Satsangi Saketdham Ram Ashram Group of Institutions, Mehsana','690','Shri Satsangi, Mehsana','(02762) 278305','kjftvadasma@gmail.com','www.sricampus.org','At&Po:Vadasma, Ta&Di:Mehsana','29000','Boys Girls',NULL,1,24,13,1,2,1,2);
INSERT INTO College VALUES(79,'Shri Vasudevbhai and Kantibhai Patel Institute of Engineering (Diploma), Mehsana','971','Vasudevbhai & kantibhai patel, Mehsana','(02764) 210101','info@svkpinstitute.com','www.svkpinstitute.com','Kadi-Kalyanpura Road, At-Nanikadi, Nanikadi, Mehsana','41000','Boys Girls',NULL,1,24,13,1,2,1,2);
INSERT INTO College VALUES(80,'Vallabhbudhi Polytechnic, Navsari','655','Vallabhbudhi, Navsari','(02637) 656414','giter@sify.com','www.npvgiter.org','NPE Campus, Bhanungar, Eru - Aat Road, Bhutsad, Ta - Jalalpore','36000','Boys Girls',NULL,1,28,14,1,4,1,2);
INSERT INTO College VALUES(81,'H. B. Patel Inst. of Diploma Engineering & Technology, Panchamahal','676','H. B. Patel, Panchamahal','(02674) 247565','hbpateldiploma@gmail.com','www.hbpateldiplomacollege.org','Limbodara, Ta. Lunawada, Di:Panchmahal','38000','Boys',NULL,1,14,15,1,5,1,2);
INSERT INTO College VALUES(82,'Engineering College, Tuwa, Panchamahals','958','Engg. College, Tuwa, Panchamahals','(02672) 286756','info@engtuwa.com','www.engtuwa.com','Tuwa, Tal. Godhra','40000','Boys Girls',NULL,1,14,15,1,5,1,2);
INSERT INTO College VALUES(83,'Smt. R.S.Patel Institute of Diploma Engineering, Patan','681','Smt. R.S. Patel, Patan','(02734) 264264','rspid_Polytechnic@yahoo.com','www.rspide.org','At:Palasar, Via Lanava, Near Shelavi Rly Station','28000','Boys Girls',NULL,1,24,16,1,2,1,2);
INSERT INTO College VALUES(84,'Jashodaba Polytechnic Institute, Patan','952','Jashodaba, Patan','(02767) 224855','cao@gtc.ac.in','www.jashodabaPolytechnic.com','Opp. I. O. C. Depot, State Highway No. 41, Sujanpur Patiya, Sidhpur, Patan','42000','No',NULL,1,24,16,1,2,1,2);
INSERT INTO College VALUES(85,'Christ Polytechnic Institute, Rajkot','610','Christ, Rajkot','94271 64732','info@christpolytechnicinstitute.edu.in','www.christPolytechnicrajkot.edu.in','Vidhyaniketan, Near Saurastra University, Rajkot','41000','Girls',NULL,1,34,17,1,3,1,2);
INSERT INTO College VALUES(86,'Atmiya Insti. of Technology & Science for Diploma Studies, Rajkot','603','Atmiya, Rajkot','(0281) 2563445','diploma@aits.edu.in','www.aitsds.edu.in','Yogi Dham, Kalawad Road, Rajkot','45000','Boys','2005',1,34,17,1,3,1,2);
INSERT INTO College VALUES(87,'Darshan Inst. of Engg. & Tech. for Diploma Studies, Rajkot','662','Darshan, Rajkot','(02822) 293010','info@darshan.ac.in','www.darshan.ac.in','At. Hadala, Ta:Tankara, Di:Rajkot','48000','No','2009',1,34,17,1,3,1,2);
INSERT INTO College VALUES(88,'R K University-School of Diploma Studies, Rajkot','673','RKU, Rajkot','9909952030','info@rku.ac.in','www.rku.ac.in','Kasturba Dham, Rajkot','50000','Boys Girls',NULL,1,34,17,1,3,5,2);
INSERT INTO College VALUES(89,'Sanjaybhai Rajguru College of Diploma Engineering, Rajkot','672','Sanjaybhai Rajguru, Rajkot','(0281) 2786500','srcoe@srez.edu.in','www.srez.edu.in','At:Hadmatiya, Near Bedi Morbi Road, Rajkot','46000','Boys Girls',NULL,1,34,17,1,3,1,2);
INSERT INTO College VALUES(90,'Aarsh Mahavidyalaya, Rajkot','674','Aarsh, Rajkot','(0281) 2785059','avps2009@gmail.com','www.aarshmahavidyalaya.org','At Kasturba Dham (Tramba), B/h R. K. College, Bhavnagar Road, Rajkot','43000','Boys',NULL,1,34,17,1,3,1,2);
INSERT INTO College VALUES(91,'Arpit Institute of Engineering & Technology, Rajkot','680','Arpit, Rajkot','(02822) 293999','arpitcollege@gmail.com','www.arpitinstitute.co.in','At: Hadala, Rajkot-Morbi Highway, Rajkot','40000','Boys Girls',NULL,1,34,17,1,3,1,2);
INSERT INTO College VALUES(92,'Shri Labhubhai Trivedi Institute of Engineering and Technology, Rajkot','954','Labhubhai Trivedi, Rajkot','(0281) 6564011','info@ltiet.com','www.ltiet.com','Mavdi, Nr. Govt. Engg. College, Kalawad Road, Rajkot','37000','No',NULL,1,34,17,1,3,1,2);
INSERT INTO College VALUES(94,'Shree H. N. Shukla Diploma Engineering College, Rajkot','759','H. N. Shukla, Rajkot','(0281) 2224362','hnsinfo@hnshukla.com','www.hnshukladiploma.com','B/H. Market Yard, Nr. Lalpari Lake, Amargadh, Rajkot','42000','No',NULL,1,34,17,1,3,1,2);
INSERT INTO College VALUES(95,'Asiatic Institute of Science & Technology, Rajkot','978','Asiatic, Rajkot','(0285) 294295','info@asiaticcampus.org','www.asiaticcampus.org','At Jamvadi, Ta. Gondal, Di:Rajkot','41000','NO',NULL,1,34,17,1,3,1,2);
INSERT INTO College VALUES(96,'Suraj Muchhala Polytechnic, Rajkot','977','Suraj Muchhala, Rajkot','(02825) 285211','smp.principal@gmail.com','www.surajmuchhalaPolytechnic.com','Gondal-Jetpur Road NH-8 B, At Chordi, Ta:Gondal','42000','No',NULL,1,34,17,1,3,1,2);
INSERT INTO College VALUES(97,'Ved Vyas Polytechnic, Himatnagar','661','V.V. Polytechnic, Himmatanagar','(02772) 226146','admin@Samarthcampus.com','www.samarthcampus.com','Block No. 323, Opp. Sabar Dairy NH 8, Hajipur, Himatanagar','41000','No',NULL,1,15,18,1,1,1,2);
INSERT INTO College VALUES(98,'Grow More Faculty of Diploma Engineering, Sabarkantha','684','Grow More, Sabarkantha','(02772) 225500','info@growmore.ac.in','www.growmore.ac.in','Ahmedabad-Udaipur Highway, Ta:Himatnagar','42000','Boys Girls',NULL,1,15,18,1,1,1,2);
INSERT INTO College VALUES(99,'Tatva Institute of Technological Studies, Sabarkantha','689','Tatva, Sabarkantha','(02774) 242 801','tatvafoundation@yahoo.co.in','www.tatvafoundation.com','Nr. Karna Pump, Modasa- Shamlaji road, Modasa','36000','No',NULL,1,15,18,1,1,1,2);
INSERT INTO College VALUES(100,'Gujarat Institute of Technical Studies, Sabarkantha','967','GITS, Sabarkantha','(02770) 240676','rmcet.gujarat@gmail.com','www.gits-gujarat.ac.in','Village Moyad, Ta. Prantij','33000','No',NULL,1,15,18,1,1,1,2);
INSERT INTO College VALUES(101,'Arrdekta Institute of Technology, Sabarkantha','696','Arrdekta, Sabarkantha','(02775) 291580','ektaedu.inst@gmail.com','www.arrdekta.org.in','Ahmedabad- Ambaji S.H.No.09, At:Radhiwad, Navi Metral, Ta:Khedbrahma','33000','No',NULL,1,15,18,1,1,1,2);
INSERT INTO College VALUES(102,'Bhulabhai Vanmalibhai Patel Inst. of Tech. (DS), Surat','656','Bhulabhai Vanmalibhai Patel, Surat','(02622) 222581','info@bvpit.ac.in','www.bvpit.ac.in/Home.aspx','Vidhyabharati Campus, Umarakh Ta:Bardoli','48000','Girls',NULL,1,37,19,1,4,1,2);
INSERT INTO College VALUES(103,'N. G. Patel Polytechnic, Surat','637','N. G. Patel, Surat','9228000868','svpess@yahoo.com','www.ngpatelpoly.ac.in','Bardoli-Navsari Road Isroli, Afwa','44000','Boys Girls',NULL,1,37,19,1,4,1,2);
INSERT INTO College VALUES(104,'S. T. B. S. College of Diploma Engineering, Surat','647','S. T. B. S., Surat','(0261) 2571671','info@stbscollege.org','www.stbscollege.org','Varachha Road, Kapodra, Ta. Choriyashi','45000','No',NULL,1,37,19,1,4,1,2);
INSERT INTO College VALUES(105,'Bhagvan Mahavir Polytechnic, Surat','608','Bhagvan Mahavir, Surat','(0261) 2268087','bmcp_1@rediffmail.com','www.bmefcolleges.edu.in','SR-149, Near Ashirvad Villa Raw House, Bharthana, Vesu Gam, Ta. Choriyasi','43000','Boys Girls','2005',1,37,19,1,4,1,2);
INSERT INTO College VALUES(106,'A. Y. Dadabhai Technical Institute, Surat','601','A.Y. Dadabhai, Surat','(02629) 235951','aydtech@yahoo.com','www.aydadabhaitech.org','Kosamba Mahuva Road, Kosamba (East), Surat','44000','No',NULL,1,37,19,1,4,1,2);
INSERT INTO College VALUES(107,'Jayvantrai Harrai Desai Polytechnic, Surat','686','Jayvantrai Harrai Desai, Surat','(02622) 265499','jaypolytech@gmail.com','www.jaypolytech.edu.in','Palsana, Palasana Baleshwar Road, Di:Surat','28000','No',NULL,1,37,19,1,4,1,2);
INSERT INTO College VALUES(108,'Mahavir Swami College of Polytechnic, Surat','955','Mahavir Swami, Surat','(0261) 3247110','bmef_1@rediffmail.com','www.bmefcolleges.edu.in','Nr. Ashirwadvilla, New City Light Road, Bhartha-Vesu, Surat','42000','No',NULL,1,37,19,1,4,1,2);
INSERT INTO College VALUES(109,'Vidhyadeep Institute of Management & Technology, Surat','963','Vidhyadeep, Surat','(02621) 249227','contact@vimat.org','www.vimat.org','G.S.Highway Road, At: Anita(KIM), Ta:Olpad, Surat','40000','No',NULL,1,37,19,1,4,1,2);
INSERT INTO College VALUES(110,'Pacific School of Engineering, Surat','976','Pacific, Surat','(02622) 291552','suratpacific@gmail.com','www.pacific-soe.ac.in','Plot No. 87,91,92,96, Sanki, Palsana, Surat','36000','No',NULL,1,37,19,1,4,1,2);
INSERT INTO College VALUES(111,'Shree Dhanvantray College of Diploma, Surat','981','Dhanvantray, Surat','(02621) 230111','sdcdeprincipal@gmail.com','www.sdcde.org','Near Railway Station, Kudsad Road, Ta:Oplad, Kim(East), Surat','42000','No',NULL,1,37,19,1,4,1,2);
INSERT INTO College VALUES(112,'Chhotubhai Gopalbhai Patel Institute of Technology, Surat','909','Chhotubhai Gopalbhai, Surat','(02625) 292339','director.cgpit@utu.ac.in','www.cgpit-bardoli.edu.in','Maliba Campus, Gopal Vidyanagar, Bardoli- Mahuva Road, Bardoli','41000','No',NULL,1,37,19,1,4,7,2);
INSERT INTO College VALUES(113,'Sarvodaya Polytechnic Institute, Surendranagar','643','Sarvodaya, Surendranagar','(02753) 651572','spi_limbdi05@yahoo.co.in','www.spilimbdi.com','Near Gopal Nagar, Untadi, Ta:Limdi','30000','No',NULL,1,38,20,1,1,1,2);
INSERT INTO College VALUES(114,'C. U. Shah Technical Inst. of Diploma Studies, Surendranagar','910','C. U. Shah Diploma Studies, Surendranagar','(02752) 294140','idtsvbt@yahoo.co.in','www.idtsvbt.org','Near Kotharia Village, Wadhwan','45000','Boys Girls',NULL,1,38,20,1,1,4,2);
INSERT INTO College VALUES(115,'Shree Pandit Nathulalji Vyas Technical Campus, Surendranagar','962','Pandit Nathulalji, Surendranagar','7383691109','snvorg@gmail.com','www.spnvcollege.co.in','Near Kothariya Villege, Wadhvan, Surendranagar','41000','No',NULL,1,38,20,1,1,1,2);
INSERT INTO College VALUES(116,'Parul Institute of Engg. & Tech. (Diploma Studies), Vadodara','638','Parul Diploma Studies, Vadodara','(02668) 260312','pietdiploma@parul.ac.in','www.parul.ac.in','At&Po:Limda, Ta:Waghodia','43000','Boys Girls',NULL,1,41,21,1,5,1,2);
INSERT INTO College VALUES(117,'Sigma Institute of Technology & Engineering, Vadodara','648','Sigma, Vadodara','9909976831','admissions@sigma.ac.in','www.sigma.ac.in','Ajawa Nimeta Road, Bakrol, Ta:Waghodia','43000','Boys Girls',NULL,1,41,21,1,5,1,2);
INSERT INTO College VALUES(118,'Butler Polytechnic, Vadodara','606','Butler, Vadodara','(0265) 2750306','butlerPolytechnic@yahoo.com','www.butlerPolytechnic.org','FMTI Campus, New Sama Road, Vadodara','41000','No','2005',1,41,21,1,5,1,2);
INSERT INTO College VALUES(119,'Sigma Polytechnic, Vadodara','642','Sigma Polytechnic, Vadodara','9909976849',NULL,NULL,'BL. No. 18/P, Ajawa Nimeta Road, Bakrol Ta: Waghodiya Dist:Vadodara','43000','Boys Girls',NULL,1,41,21,1,5,1,2);
INSERT INTO College VALUES(120,'Parul Polytechnic Institute, Vadodara','639','Parul Polytechnic, Vadodara','(02668) 260202','Polytechnic@parul.ac.in','www.parul.ac.in','At&Po:Limda, Ta:Waghodia','43000','Boys Girls',NULL,1,41,21,1,5,1,2);
INSERT INTO College VALUES(121,'Polytechnic, M. S. University, Vadodara','904','Polytechnic, MSU, Vadodara','(0265) 2783915','info@msubaroda.ac.in','www.msubaroda.ac.in','Near Shastri Bridge, Fateghguj, Vadodara','30000','Boys Girls',NULL,1,41,21,1,5,3,2);
INSERT INTO College VALUES(122,'S. B. Polytechnic, Vadodara','666','S. B. Polytechnic, Vadodara','8980314190','info@kjit.org','www.kjit.org/diplomacourses.php','K. J. Campus, Opp. ITI, Javala-Savli Road, Savli, Vadodara','40000','Boys Girls',NULL,1,41,21,1,5,1,2);
INSERT INTO College VALUES(123,'K. J. Institute of Engg. & Tech., Vadodara','957','KJIT, Vadodara','8980314190','info@kjit.org','www.kjit.org','Opp. I.T.I., Javla, Savli - 391770','39000','No',NULL,1,41,21,1,5,1,2);
INSERT INTO College VALUES(124,'ITM-School of Architecture Art and Design (ITMSAAD), Vadodara','352','ITMSAAD, Vadodara','(02668) 275501','samatalok@gmail.com','www.itmuniverse.ac.in','Halol Highway, Near Jarod, Waghodia','42000','No',NULL,1,41,21,1,5,1,2);
INSERT INTO College VALUES(125,'Laxmi Institute of Technology (LIT), Valsad','691','LIT, Valsad','(0260) 2405300','admin.lit@lvs.co.in','www.lvs.co.in','Sarigam, Valsad','41000','Boys Girls',NULL,1,28,22,1,4,1,2);
INSERT INTO College VALUES(126,'Faculty of Diploma Engineering, Neotech Education','959','Neotech, Vadodara','0265 2358991','info@neotech.ac.in','www.neotech.ac.in','At&Po:Virod, Ta&Di:Vadodara','32000','No','2014',1,41,21,1,5,1,2);
INSERT INTO College VALUES(127,'Kankeshwari Devi Institute of Technology, Jamnagar','854','Kankeshwari, Jamnagar','0288-2888080','jitjamdigree@gmail.com','www.kit.org.in','Jamnagar-Samana Road, Opp Ranjitsagar Dam, Near Naranpar Forest Nursery, Jamnagar','30000','NO','2014',1,34,9,1,3,1,2);
INSERT INTO College VALUES(128,'Efforts Polytechnic, Ambav','956','Efforts Polytechnic, Ambav','9825782890, 9427000000',NULL,'www.effortspolytechnic.org','At & Po. : Ambav, Ta : Thasra, Dist. : Kheda, Gujarat','30000','NO','2014',1,21,11,1,5,1,2);
INSERT INTO College VALUES(129,'Shree Swaminarayan Polytechnic, Gandhinagar','986','Swaminarayan Polytechnic, Gandhinagar','(079) 23245821','sspolytechnicgnr@gmail.com','www.sspolytechnic.co.in','Sector -22, Gurukul Campus,Gandhinagar','33000','No','2014',1,13,8,1,2,1,2);
INSERT INTO College VALUES(130,'Radhe Institute of Engineering & Technology, Upleta','970','Radhe, Upleta','9723375333','radheinstitute@gmail.com','www.radheinstitute.net','Vadala Road, Nr. Kishan Dairy,Upleta Ta:Upleta','33000','Boys','2014',1,18,17,1,3,1,2);
INSERT INTO College VALUES(131,'Jain Institute of Technology-Diploma, Gandhinagar','979','Jain, Gandhinagar','079-27542761','venusict@gmail.com','www.jainit.org','Bhoyan Rathod Village, Opp. IFFCO, Adalaj-Kalol Highway Road,Gandhinagar','30000','NO','2014',1,13,8,1,2,1,2);
INSERT INTO College VALUES(133,'Kalyan Polytechnic, Jamnagar','983','Kalyan, Jamnagar','9879787676','kalyanPolytechnic@gmail.com','www.kalyanPolytechnic.com','Aliyabada Road, Jambuda Chowkdi, Sekhpat, Jamanagar','31000','No','2014',1,34,9,1,3,1,2);
INSERT INTO College VALUES(134,'Asian Institute of Technology, Vadali','969','Asian,Vadali','9427370874','asiandiploma2013@gmail.com',NULL,'Vadali, Near Railway Crossing, Ider-Khedbrahma Raod, Ta:Vadali','28000','No','2014',1,15,18,1,2,1,2);
INSERT INTO College VALUES(135,'Dr. Natubhai. P. Patel Polytechnic, Jotana','984','Natubhai P. Patel, Jotana','(02762) 266086','principal.apppjotana@gmail.com','www.nppPolytechnic.org','Near Railway Station, At&Po:Jotana','33000','No','2014',1,24,13,1,2,1,2);
INSERT INTO College VALUES(137,'Bhavnagar Polytechnic Institute, Sihor','985','Bhavnagar Polytechnic, sihor','9228099992','info@bpi.org.in','www.bpi.org.in','Behind Dhammapali Vipassana Center, Todi Village Near Palitana, Ta:Sihor','29000','No','2014',1,5,6,1,1,1,2);
INSERT INTO College VALUES(138,'Ganpat University Institute of Technology, Kherva','999','Ganpat University, Kherva','(02762) 286080',NULL,'www.ganpatuniversity.ac.in','Ganpat Vidyanagar, Mehsana-Gozaria Highway, Kherva-384012','43000','No',NULL,1,24,13,1,2,8,2);
INSERT INTO College VALUES(139,'Krishna Institute of Engineering & Technology, Jamnagar','856','Krishna, Jamnagar','0288-2884822','Kietjamnagar@gmail.com','www.kietjamnagar.org','Jambuda Chokadi, Jamnagar-Rajkot National Highway, Jamnagar - 361 120','30000','NO','0',0,34,9,1,3,1,2);
INSERT INTO College VALUES(140,'Diwaliba Polytechnic,Maliba,Surat','1001','Diwaliba,Surat','02625-292339',NULL,NULL,'Maliba -Mahuva Campus, Mahuva Ta. : Mahuva, Dist. : Surat Pin 394250','30000','NO',NULL,1001,37,19,1,1,1,2);
INSERT INTO College VALUES(141,'ITM Vocational University, Vadodara','1002','ITM Vocational, Vadodara','9904409048',NULL,NULL,'Plot : 6512, Ajwa-Nimeta Road, At. : Ravaal, Ta. : Waghodia, Dist : Vadodra, Pin : 391760','30000','NO',NULL,1002,41,21,1,1,1,2);
INSERT INTO College VALUES(142,'Arham Veeraytan Institute of Engineering, Technology & Research, Mandvi',NULL,'Arham Veeraytan, Mandvi','(02834)275261',NULL,NULL,'Haripar, Bhuj-Mandvi Road, Tal. Mandvi, Kutch,','28000','Boys Girls','0',1,56,12,1,3,1,2);
INSERT INTO College VALUES(143,'Narayanbhai Bhikhabhai Patel Polytechnic, Mehsana','668','N. B. Patel Polytechnic, Mehsana','(02762) 275076','nbppiludara@rediffmail.com','www.nbpcp.ac.in','At: Piludra Ta: Mehsana Dist-Mehsana','41000','Boys Girls',NULL,1,24,13,1,2,1,2);
INSERT INTO College VALUES(144,'Aurum Institute of Technology','961','Aurum, Rajkot','0281-3205751, 9099063079','tcetrajkot@gmail.com','www.takshashilacollege.org','150 ft. Ishwariya Road, Opp. Hill View Club, Kalawad Road - 360110','*','NO',NULL,1,34,17,1,3,1,2);
INSERT INTO College VALUES(145,'Central Institute of Plastics Engineering and Technology','988','CIPET, Ahmedabad','079-40103900','ahmedabad@cipet.gov.in','www.cipet.gov.in','GIDC Vatva, Ahmedabad','*','Boys','2007',1,1,1,19,1,1,2);
INSERT INTO College VALUES(146,'GMB Polytechnic, Rajula',NULL,'GMB Polytechnic, Rajula',NULL,NULL,NULL,'C/o Govt. Arts And Commerce College, Jafarabad, Ta: Jafarabad Dist : Amreli','*','NO',NULL,NULL,5,6,1,3,1,4);
CREATE TABLE [CB_College_Branch] (
    [id]         INTEGER PRIMARY KEY AUTOINCREMENT,
    [college_id] INTEGER NULL,
    [branch_id]  INTEGER NULL,

    FOREIGN KEY([college_id]) REFERENCES [College]([id]),
    FOREIGN KEY([branch_id])  REFERENCES [Branch]([id])
);
INSERT INTO CB_College_Branch VALUES(1,1,2);
INSERT INTO CB_College_Branch VALUES(2,1,2);
INSERT INTO CB_College_Branch VALUES(3,1,3);
INSERT INTO CB_College_Branch VALUES(4,1,6);
INSERT INTO CB_College_Branch VALUES(5,1,7);
INSERT INTO CB_College_Branch VALUES(6,1,7);
INSERT INTO CB_College_Branch VALUES(7,1,9);
INSERT INTO CB_College_Branch VALUES(8,1,11);
INSERT INTO CB_College_Branch VALUES(9,1,11);
INSERT INTO CB_College_Branch VALUES(10,1,16);
INSERT INTO CB_College_Branch VALUES(11,1,16);
INSERT INTO CB_College_Branch VALUES(12,1,17);
INSERT INTO CB_College_Branch VALUES(13,1,17);
INSERT INTO CB_College_Branch VALUES(14,1,19);
INSERT INTO CB_College_Branch VALUES(15,1,23);
INSERT INTO CB_College_Branch VALUES(16,2,6);
INSERT INTO CB_College_Branch VALUES(17,2,7);
INSERT INTO CB_College_Branch VALUES(18,2,7);
INSERT INTO CB_College_Branch VALUES(19,2,9);
INSERT INTO CB_College_Branch VALUES(20,2,9);
INSERT INTO CB_College_Branch VALUES(21,2,16);
INSERT INTO CB_College_Branch VALUES(22,2,16);
INSERT INTO CB_College_Branch VALUES(23,2,19);
INSERT INTO CB_College_Branch VALUES(24,2,19);
INSERT INTO CB_College_Branch VALUES(25,2,27);
INSERT INTO CB_College_Branch VALUES(26,2,28);
INSERT INTO CB_College_Branch VALUES(27,2,45);
INSERT INTO CB_College_Branch VALUES(28,3,3);
INSERT INTO CB_College_Branch VALUES(29,3,6);
INSERT INTO CB_College_Branch VALUES(30,3,7);
INSERT INTO CB_College_Branch VALUES(31,3,11);
INSERT INTO CB_College_Branch VALUES(32,3,16);
INSERT INTO CB_College_Branch VALUES(33,3,41);
INSERT INTO CB_College_Branch VALUES(35,4,2);
INSERT INTO CB_College_Branch VALUES(36,4,2);
INSERT INTO CB_College_Branch VALUES(37,4,6);
INSERT INTO CB_College_Branch VALUES(38,4,6);
INSERT INTO CB_College_Branch VALUES(39,4,9);
INSERT INTO CB_College_Branch VALUES(40,4,9);
INSERT INTO CB_College_Branch VALUES(41,4,11);
INSERT INTO CB_College_Branch VALUES(42,4,11);
INSERT INTO CB_College_Branch VALUES(43,4,19);
INSERT INTO CB_College_Branch VALUES(44,4,19);
INSERT INTO CB_College_Branch VALUES(45,5,6);
INSERT INTO CB_College_Branch VALUES(46,5,6);
INSERT INTO CB_College_Branch VALUES(47,5,9);
INSERT INTO CB_College_Branch VALUES(48,5,9);
INSERT INTO CB_College_Branch VALUES(49,5,11);
INSERT INTO CB_College_Branch VALUES(50,5,11);
INSERT INTO CB_College_Branch VALUES(51,5,17);
INSERT INTO CB_College_Branch VALUES(52,5,17);
INSERT INTO CB_College_Branch VALUES(53,5,19);
INSERT INTO CB_College_Branch VALUES(54,5,19);
INSERT INTO CB_College_Branch VALUES(55,6,5);
INSERT INTO CB_College_Branch VALUES(56,6,5);
INSERT INTO CB_College_Branch VALUES(57,6,6);
INSERT INTO CB_College_Branch VALUES(58,6,6);
INSERT INTO CB_College_Branch VALUES(59,6,7);
INSERT INTO CB_College_Branch VALUES(60,6,7);
INSERT INTO CB_College_Branch VALUES(61,6,9);
INSERT INTO CB_College_Branch VALUES(62,6,9);
INSERT INTO CB_College_Branch VALUES(63,6,13);
INSERT INTO CB_College_Branch VALUES(64,6,19);
INSERT INTO CB_College_Branch VALUES(65,6,19);
INSERT INTO CB_College_Branch VALUES(66,7,6);
INSERT INTO CB_College_Branch VALUES(67,7,9);
INSERT INTO CB_College_Branch VALUES(68,7,19);
INSERT INTO CB_College_Branch VALUES(69,8,2);
INSERT INTO CB_College_Branch VALUES(70,8,2);
INSERT INTO CB_College_Branch VALUES(71,8,5);
INSERT INTO CB_College_Branch VALUES(72,8,6);
INSERT INTO CB_College_Branch VALUES(73,8,6);
INSERT INTO CB_College_Branch VALUES(74,8,9);
INSERT INTO CB_College_Branch VALUES(75,8,9);
INSERT INTO CB_College_Branch VALUES(76,8,16);
INSERT INTO CB_College_Branch VALUES(77,8,16);
INSERT INTO CB_College_Branch VALUES(78,8,19);
INSERT INTO CB_College_Branch VALUES(79,8,19);
INSERT INTO CB_College_Branch VALUES(80,8,44);
INSERT INTO CB_College_Branch VALUES(81,8,44);
INSERT INTO CB_College_Branch VALUES(82,9,6);
INSERT INTO CB_College_Branch VALUES(83,9,6);
INSERT INTO CB_College_Branch VALUES(84,9,7);
INSERT INTO CB_College_Branch VALUES(85,9,7);
INSERT INTO CB_College_Branch VALUES(86,9,9);
INSERT INTO CB_College_Branch VALUES(87,9,9);
INSERT INTO CB_College_Branch VALUES(88,9,11);
INSERT INTO CB_College_Branch VALUES(89,9,11);
INSERT INTO CB_College_Branch VALUES(90,9,19);
INSERT INTO CB_College_Branch VALUES(91,9,19);
INSERT INTO CB_College_Branch VALUES(93,10,6);
INSERT INTO CB_College_Branch VALUES(94,10,7);
INSERT INTO CB_College_Branch VALUES(95,10,19);
INSERT INTO CB_College_Branch VALUES(96,11,3);
INSERT INTO CB_College_Branch VALUES(97,11,3);
INSERT INTO CB_College_Branch VALUES(98,11,5);
INSERT INTO CB_College_Branch VALUES(99,11,5);
INSERT INTO CB_College_Branch VALUES(100,11,7);
INSERT INTO CB_College_Branch VALUES(101,11,7);
INSERT INTO CB_College_Branch VALUES(102,11,9);
INSERT INTO CB_College_Branch VALUES(103,11,11);
INSERT INTO CB_College_Branch VALUES(104,11,11);
INSERT INTO CB_College_Branch VALUES(105,11,16);
INSERT INTO CB_College_Branch VALUES(106,11,16);
INSERT INTO CB_College_Branch VALUES(107,11,17);
INSERT INTO CB_College_Branch VALUES(108,11,17);
INSERT INTO CB_College_Branch VALUES(109,12,6);
INSERT INTO CB_College_Branch VALUES(110,12,6);
INSERT INTO CB_College_Branch VALUES(111,12,7);
INSERT INTO CB_College_Branch VALUES(112,12,7);
INSERT INTO CB_College_Branch VALUES(113,12,9);
INSERT INTO CB_College_Branch VALUES(114,12,9);
INSERT INTO CB_College_Branch VALUES(115,12,11);
INSERT INTO CB_College_Branch VALUES(116,12,11);
INSERT INTO CB_College_Branch VALUES(117,12,19);
INSERT INTO CB_College_Branch VALUES(118,12,19);
INSERT INTO CB_College_Branch VALUES(119,13,6);
INSERT INTO CB_College_Branch VALUES(120,13,9);
INSERT INTO CB_College_Branch VALUES(121,13,19);
INSERT INTO CB_College_Branch VALUES(122,14,6);
INSERT INTO CB_College_Branch VALUES(123,14,9);
INSERT INTO CB_College_Branch VALUES(124,14,19);
INSERT INTO CB_College_Branch VALUES(125,15,6);
INSERT INTO CB_College_Branch VALUES(126,15,6);
INSERT INTO CB_College_Branch VALUES(127,15,7);
INSERT INTO CB_College_Branch VALUES(128,15,7);
INSERT INTO CB_College_Branch VALUES(129,15,9);
INSERT INTO CB_College_Branch VALUES(130,15,9);
INSERT INTO CB_College_Branch VALUES(131,15,19);
INSERT INTO CB_College_Branch VALUES(132,15,19);
INSERT INTO CB_College_Branch VALUES(133,15,21);
INSERT INTO CB_College_Branch VALUES(134,15,22);
INSERT INTO CB_College_Branch VALUES(135,15,22);
INSERT INTO CB_College_Branch VALUES(136,16,11);
INSERT INTO CB_College_Branch VALUES(137,16,19);
INSERT INTO CB_College_Branch VALUES(138,16,41);
INSERT INTO CB_College_Branch VALUES(139,17,6);
INSERT INTO CB_College_Branch VALUES(140,17,9);
INSERT INTO CB_College_Branch VALUES(141,17,19);
INSERT INTO CB_College_Branch VALUES(142,18,6);
INSERT INTO CB_College_Branch VALUES(143,18,6);
INSERT INTO CB_College_Branch VALUES(144,18,9);
INSERT INTO CB_College_Branch VALUES(145,18,9);
INSERT INTO CB_College_Branch VALUES(146,18,19);
INSERT INTO CB_College_Branch VALUES(147,18,19);
INSERT INTO CB_College_Branch VALUES(148,19,6);
INSERT INTO CB_College_Branch VALUES(149,19,6);
INSERT INTO CB_College_Branch VALUES(150,19,7);
INSERT INTO CB_College_Branch VALUES(151,19,7);
INSERT INTO CB_College_Branch VALUES(152,19,9);
INSERT INTO CB_College_Branch VALUES(153,19,9);
INSERT INTO CB_College_Branch VALUES(154,19,11);
INSERT INTO CB_College_Branch VALUES(155,19,11);
INSERT INTO CB_College_Branch VALUES(156,19,19);
INSERT INTO CB_College_Branch VALUES(157,19,19);
INSERT INTO CB_College_Branch VALUES(158,20,6);
INSERT INTO CB_College_Branch VALUES(159,20,6);
INSERT INTO CB_College_Branch VALUES(160,20,7);
INSERT INTO CB_College_Branch VALUES(161,20,7);
INSERT INTO CB_College_Branch VALUES(162,20,9);
INSERT INTO CB_College_Branch VALUES(163,20,9);
INSERT INTO CB_College_Branch VALUES(164,20,19);
INSERT INTO CB_College_Branch VALUES(165,20,19);
INSERT INTO CB_College_Branch VALUES(166,20,47);
INSERT INTO CB_College_Branch VALUES(167,21,5);
INSERT INTO CB_College_Branch VALUES(168,21,5);
INSERT INTO CB_College_Branch VALUES(169,21,6);
INSERT INTO CB_College_Branch VALUES(170,21,6);
INSERT INTO CB_College_Branch VALUES(171,21,9);
INSERT INTO CB_College_Branch VALUES(172,21,9);
INSERT INTO CB_College_Branch VALUES(173,21,11);
INSERT INTO CB_College_Branch VALUES(174,21,11);
INSERT INTO CB_College_Branch VALUES(175,21,16);
INSERT INTO CB_College_Branch VALUES(176,21,16);
INSERT INTO CB_College_Branch VALUES(177,21,19);
INSERT INTO CB_College_Branch VALUES(178,21,19);
INSERT INTO CB_College_Branch VALUES(179,21,21);
INSERT INTO CB_College_Branch VALUES(180,22,3);
INSERT INTO CB_College_Branch VALUES(181,22,7);
INSERT INTO CB_College_Branch VALUES(182,22,7);
INSERT INTO CB_College_Branch VALUES(183,22,9);
INSERT INTO CB_College_Branch VALUES(184,22,9);
INSERT INTO CB_College_Branch VALUES(185,22,11);
INSERT INTO CB_College_Branch VALUES(186,22,11);
INSERT INTO CB_College_Branch VALUES(187,22,17);
INSERT INTO CB_College_Branch VALUES(188,22,17);
INSERT INTO CB_College_Branch VALUES(189,23,6);
INSERT INTO CB_College_Branch VALUES(190,23,6);
INSERT INTO CB_College_Branch VALUES(191,23,9);
INSERT INTO CB_College_Branch VALUES(192,23,9);
INSERT INTO CB_College_Branch VALUES(193,23,11);
INSERT INTO CB_College_Branch VALUES(194,23,11);
INSERT INTO CB_College_Branch VALUES(195,23,16);
INSERT INTO CB_College_Branch VALUES(196,23,16);
INSERT INTO CB_College_Branch VALUES(197,23,19);
INSERT INTO CB_College_Branch VALUES(198,23,19);
INSERT INTO CB_College_Branch VALUES(199,23,21);
INSERT INTO CB_College_Branch VALUES(200,23,43);
INSERT INTO CB_College_Branch VALUES(201,23,43);
INSERT INTO CB_College_Branch VALUES(202,24,6);
INSERT INTO CB_College_Branch VALUES(203,24,6);
INSERT INTO CB_College_Branch VALUES(204,24,7);
INSERT INTO CB_College_Branch VALUES(205,24,9);
INSERT INTO CB_College_Branch VALUES(206,24,9);
INSERT INTO CB_College_Branch VALUES(207,24,16);
INSERT INTO CB_College_Branch VALUES(208,24,16);
INSERT INTO CB_College_Branch VALUES(209,24,19);
INSERT INTO CB_College_Branch VALUES(210,24,19);
INSERT INTO CB_College_Branch VALUES(211,25,7);
INSERT INTO CB_College_Branch VALUES(212,25,7);
INSERT INTO CB_College_Branch VALUES(213,25,9);
INSERT INTO CB_College_Branch VALUES(214,25,11);
INSERT INTO CB_College_Branch VALUES(215,25,11);
INSERT INTO CB_College_Branch VALUES(216,25,16);
INSERT INTO CB_College_Branch VALUES(217,25,41);
INSERT INTO CB_College_Branch VALUES(218,26,2);
INSERT INTO CB_College_Branch VALUES(219,26,6);
INSERT INTO CB_College_Branch VALUES(220,26,6);
INSERT INTO CB_College_Branch VALUES(221,26,9);
INSERT INTO CB_College_Branch VALUES(222,26,9);
INSERT INTO CB_College_Branch VALUES(223,26,16);
INSERT INTO CB_College_Branch VALUES(224,26,19);
INSERT INTO CB_College_Branch VALUES(225,26,19);
INSERT INTO CB_College_Branch VALUES(226,26,21);
INSERT INTO CB_College_Branch VALUES(227,26,24);
INSERT INTO CB_College_Branch VALUES(228,26,27);
INSERT INTO CB_College_Branch VALUES(229,26,28);
INSERT INTO CB_College_Branch VALUES(230,27,2);
INSERT INTO CB_College_Branch VALUES(231,27,6);
INSERT INTO CB_College_Branch VALUES(232,27,7);
INSERT INTO CB_College_Branch VALUES(233,27,7);
INSERT INTO CB_College_Branch VALUES(234,27,9);
INSERT INTO CB_College_Branch VALUES(235,27,9);
INSERT INTO CB_College_Branch VALUES(236,27,19);
INSERT INTO CB_College_Branch VALUES(237,27,19);
INSERT INTO CB_College_Branch VALUES(239,28,6);
INSERT INTO CB_College_Branch VALUES(240,28,9);
INSERT INTO CB_College_Branch VALUES(241,28,19);
INSERT INTO CB_College_Branch VALUES(242,29,2);
INSERT INTO CB_College_Branch VALUES(243,29,6);
INSERT INTO CB_College_Branch VALUES(244,29,9);
INSERT INTO CB_College_Branch VALUES(245,29,9);
INSERT INTO CB_College_Branch VALUES(246,29,19);
INSERT INTO CB_College_Branch VALUES(247,29,19);
INSERT INTO CB_College_Branch VALUES(248,29,23);
INSERT INTO CB_College_Branch VALUES(249,30,5);
INSERT INTO CB_College_Branch VALUES(250,30,5);
INSERT INTO CB_College_Branch VALUES(251,30,6);
INSERT INTO CB_College_Branch VALUES(252,30,6);
INSERT INTO CB_College_Branch VALUES(253,30,9);
INSERT INTO CB_College_Branch VALUES(254,30,9);
INSERT INTO CB_College_Branch VALUES(255,30,19);
INSERT INTO CB_College_Branch VALUES(256,30,19);
INSERT INTO CB_College_Branch VALUES(257,30,23);
INSERT INTO CB_College_Branch VALUES(258,30,23);
INSERT INTO CB_College_Branch VALUES(259,31,6);
INSERT INTO CB_College_Branch VALUES(260,31,7);
INSERT INTO CB_College_Branch VALUES(261,31,9);
INSERT INTO CB_College_Branch VALUES(262,31,11);
INSERT INTO CB_College_Branch VALUES(263,31,19);
INSERT INTO CB_College_Branch VALUES(264,32,5);
INSERT INTO CB_College_Branch VALUES(265,33,6);
INSERT INTO CB_College_Branch VALUES(266,33,9);
INSERT INTO CB_College_Branch VALUES(267,33,19);
INSERT INTO CB_College_Branch VALUES(269,34,6);
INSERT INTO CB_College_Branch VALUES(270,34,9);
INSERT INTO CB_College_Branch VALUES(271,34,16);
INSERT INTO CB_College_Branch VALUES(272,34,19);
INSERT INTO CB_College_Branch VALUES(273,34,48);
INSERT INTO CB_College_Branch VALUES(274,35,49);
INSERT INTO CB_College_Branch VALUES(275,35,46);
INSERT INTO CB_College_Branch VALUES(276,36,2);
INSERT INTO CB_College_Branch VALUES(277,36,2);
INSERT INTO CB_College_Branch VALUES(278,36,6);
INSERT INTO CB_College_Branch VALUES(279,36,9);
INSERT INTO CB_College_Branch VALUES(280,36,9);
INSERT INTO CB_College_Branch VALUES(283,36,19);
INSERT INTO CB_College_Branch VALUES(284,36,19);
INSERT INTO CB_College_Branch VALUES(285,36,21);
INSERT INTO CB_College_Branch VALUES(288,37,2);
INSERT INTO CB_College_Branch VALUES(289,37,6);
INSERT INTO CB_College_Branch VALUES(290,37,7);
INSERT INTO CB_College_Branch VALUES(291,37,19);
INSERT INTO CB_College_Branch VALUES(292,38,2);
INSERT INTO CB_College_Branch VALUES(293,38,2);
INSERT INTO CB_College_Branch VALUES(294,38,6);
INSERT INTO CB_College_Branch VALUES(295,38,6);
INSERT INTO CB_College_Branch VALUES(296,38,7);
INSERT INTO CB_College_Branch VALUES(297,38,7);
INSERT INTO CB_College_Branch VALUES(298,38,9);
INSERT INTO CB_College_Branch VALUES(299,38,11);
INSERT INTO CB_College_Branch VALUES(300,38,16);
INSERT INTO CB_College_Branch VALUES(301,38,19);
INSERT INTO CB_College_Branch VALUES(302,38,19);
INSERT INTO CB_College_Branch VALUES(303,38,41);
INSERT INTO CB_College_Branch VALUES(310,40,6);
INSERT INTO CB_College_Branch VALUES(311,40,7);
INSERT INTO CB_College_Branch VALUES(312,40,9);
INSERT INTO CB_College_Branch VALUES(313,40,19);
INSERT INTO CB_College_Branch VALUES(314,41,6);
INSERT INTO CB_College_Branch VALUES(315,41,7);
INSERT INTO CB_College_Branch VALUES(316,41,9);
INSERT INTO CB_College_Branch VALUES(317,41,11);
INSERT INTO CB_College_Branch VALUES(318,41,16);
INSERT INTO CB_College_Branch VALUES(319,41,19);
INSERT INTO CB_College_Branch VALUES(320,41,20);
INSERT INTO CB_College_Branch VALUES(321,42,2);
INSERT INTO CB_College_Branch VALUES(322,42,2);
INSERT INTO CB_College_Branch VALUES(323,42,5);
INSERT INTO CB_College_Branch VALUES(324,42,6);
INSERT INTO CB_College_Branch VALUES(325,42,9);
INSERT INTO CB_College_Branch VALUES(326,42,19);
INSERT INTO CB_College_Branch VALUES(327,42,19);
INSERT INTO CB_College_Branch VALUES(328,43,9);
INSERT INTO CB_College_Branch VALUES(329,43,19);
INSERT INTO CB_College_Branch VALUES(331,44,6);
INSERT INTO CB_College_Branch VALUES(332,44,9);
INSERT INTO CB_College_Branch VALUES(333,44,19);
INSERT INTO CB_College_Branch VALUES(334,45,6);
INSERT INTO CB_College_Branch VALUES(335,45,6);
INSERT INTO CB_College_Branch VALUES(336,45,7);
INSERT INTO CB_College_Branch VALUES(337,45,7);
INSERT INTO CB_College_Branch VALUES(338,45,9);
INSERT INTO CB_College_Branch VALUES(339,45,9);
INSERT INTO CB_College_Branch VALUES(340,45,11);
INSERT INTO CB_College_Branch VALUES(341,45,11);
INSERT INTO CB_College_Branch VALUES(342,45,19);
INSERT INTO CB_College_Branch VALUES(343,45,19);
INSERT INTO CB_College_Branch VALUES(344,46,2);
INSERT INTO CB_College_Branch VALUES(345,46,6);
INSERT INTO CB_College_Branch VALUES(346,46,6);
INSERT INTO CB_College_Branch VALUES(347,46,7);
INSERT INTO CB_College_Branch VALUES(348,46,9);
INSERT INTO CB_College_Branch VALUES(349,46,11);
INSERT INTO CB_College_Branch VALUES(350,46,19);
INSERT INTO CB_College_Branch VALUES(351,46,19);
INSERT INTO CB_College_Branch VALUES(352,47,2);
INSERT INTO CB_College_Branch VALUES(353,47,6);
INSERT INTO CB_College_Branch VALUES(354,47,6);
INSERT INTO CB_College_Branch VALUES(355,47,7);
INSERT INTO CB_College_Branch VALUES(356,47,9);
INSERT INTO CB_College_Branch VALUES(357,47,11);
INSERT INTO CB_College_Branch VALUES(358,47,19);
INSERT INTO CB_College_Branch VALUES(359,47,19);
INSERT INTO CB_College_Branch VALUES(360,48,2);
INSERT INTO CB_College_Branch VALUES(361,48,6);
INSERT INTO CB_College_Branch VALUES(362,48,7);
INSERT INTO CB_College_Branch VALUES(363,48,9);
INSERT INTO CB_College_Branch VALUES(365,48,16);
INSERT INTO CB_College_Branch VALUES(366,48,19);
INSERT INTO CB_College_Branch VALUES(367,49,6);
INSERT INTO CB_College_Branch VALUES(368,49,7);
INSERT INTO CB_College_Branch VALUES(369,49,9);
INSERT INTO CB_College_Branch VALUES(370,49,11);
INSERT INTO CB_College_Branch VALUES(371,49,19);
INSERT INTO CB_College_Branch VALUES(372,50,6);
INSERT INTO CB_College_Branch VALUES(373,50,7);
INSERT INTO CB_College_Branch VALUES(374,50,9);
INSERT INTO CB_College_Branch VALUES(375,50,19);
INSERT INTO CB_College_Branch VALUES(376,51,6);
INSERT INTO CB_College_Branch VALUES(377,51,7);
INSERT INTO CB_College_Branch VALUES(378,51,19);
INSERT INTO CB_College_Branch VALUES(381,52,19);
INSERT INTO CB_College_Branch VALUES(382,53,6);
INSERT INTO CB_College_Branch VALUES(383,53,9);
INSERT INTO CB_College_Branch VALUES(384,53,19);
INSERT INTO CB_College_Branch VALUES(385,54,6);
INSERT INTO CB_College_Branch VALUES(386,54,7);
INSERT INTO CB_College_Branch VALUES(387,54,9);
INSERT INTO CB_College_Branch VALUES(388,54,9);
INSERT INTO CB_College_Branch VALUES(391,54,19);
INSERT INTO CB_College_Branch VALUES(392,54,19);
INSERT INTO CB_College_Branch VALUES(393,55,6);
INSERT INTO CB_College_Branch VALUES(394,55,7);
INSERT INTO CB_College_Branch VALUES(395,55,9);
INSERT INTO CB_College_Branch VALUES(396,55,9);
INSERT INTO CB_College_Branch VALUES(399,55,19);
INSERT INTO CB_College_Branch VALUES(400,55,19);
INSERT INTO CB_College_Branch VALUES(401,56,2);
INSERT INTO CB_College_Branch VALUES(402,56,6);
INSERT INTO CB_College_Branch VALUES(403,56,7);
INSERT INTO CB_College_Branch VALUES(404,56,9);
INSERT INTO CB_College_Branch VALUES(405,56,11);
INSERT INTO CB_College_Branch VALUES(406,56,16);
INSERT INTO CB_College_Branch VALUES(407,56,19);
INSERT INTO CB_College_Branch VALUES(408,57,6);
INSERT INTO CB_College_Branch VALUES(409,57,7);
INSERT INTO CB_College_Branch VALUES(410,57,9);
INSERT INTO CB_College_Branch VALUES(411,57,11);
INSERT INTO CB_College_Branch VALUES(412,57,19);
INSERT INTO CB_College_Branch VALUES(413,58,2);
INSERT INTO CB_College_Branch VALUES(414,58,6);
INSERT INTO CB_College_Branch VALUES(415,58,6);
INSERT INTO CB_College_Branch VALUES(416,58,7);
INSERT INTO CB_College_Branch VALUES(417,58,9);
INSERT INTO CB_College_Branch VALUES(418,58,9);
INSERT INTO CB_College_Branch VALUES(419,58,17);
INSERT INTO CB_College_Branch VALUES(420,58,19);
INSERT INTO CB_College_Branch VALUES(421,58,19);
INSERT INTO CB_College_Branch VALUES(422,58,41);
INSERT INTO CB_College_Branch VALUES(423,59,6);
INSERT INTO CB_College_Branch VALUES(424,59,7);
INSERT INTO CB_College_Branch VALUES(425,59,9);
INSERT INTO CB_College_Branch VALUES(426,59,19);
INSERT INTO CB_College_Branch VALUES(427,60,2);
INSERT INTO CB_College_Branch VALUES(428,60,2);
INSERT INTO CB_College_Branch VALUES(429,60,6);
INSERT INTO CB_College_Branch VALUES(430,60,6);
INSERT INTO CB_College_Branch VALUES(431,60,7);
INSERT INTO CB_College_Branch VALUES(432,60,7);
INSERT INTO CB_College_Branch VALUES(433,60,9);
INSERT INTO CB_College_Branch VALUES(434,60,9);
INSERT INTO CB_College_Branch VALUES(435,60,11);
INSERT INTO CB_College_Branch VALUES(436,60,16);
INSERT INTO CB_College_Branch VALUES(437,60,19);
INSERT INTO CB_College_Branch VALUES(438,60,19);
INSERT INTO CB_College_Branch VALUES(439,61,6);
INSERT INTO CB_College_Branch VALUES(440,61,7);
INSERT INTO CB_College_Branch VALUES(441,61,9);
INSERT INTO CB_College_Branch VALUES(442,61,9);
INSERT INTO CB_College_Branch VALUES(443,61,11);
INSERT INTO CB_College_Branch VALUES(444,61,19);
INSERT INTO CB_College_Branch VALUES(445,61,19);
INSERT INTO CB_College_Branch VALUES(446,62,2);
INSERT INTO CB_College_Branch VALUES(447,62,6);
INSERT INTO CB_College_Branch VALUES(448,62,6);
INSERT INTO CB_College_Branch VALUES(449,62,9);
INSERT INTO CB_College_Branch VALUES(450,62,11);
INSERT INTO CB_College_Branch VALUES(451,62,19);
INSERT INTO CB_College_Branch VALUES(452,62,19);
INSERT INTO CB_College_Branch VALUES(453,63,6);
INSERT INTO CB_College_Branch VALUES(454,63,7);
INSERT INTO CB_College_Branch VALUES(455,63,19);
INSERT INTO CB_College_Branch VALUES(456,63,19);
INSERT INTO CB_College_Branch VALUES(457,64,2);
INSERT INTO CB_College_Branch VALUES(458,64,6);
INSERT INTO CB_College_Branch VALUES(459,64,6);
INSERT INTO CB_College_Branch VALUES(460,64,7);
INSERT INTO CB_College_Branch VALUES(461,64,9);
INSERT INTO CB_College_Branch VALUES(462,64,9);
INSERT INTO CB_College_Branch VALUES(463,64,19);
INSERT INTO CB_College_Branch VALUES(464,65,6);
INSERT INTO CB_College_Branch VALUES(465,65,19);
INSERT INTO CB_College_Branch VALUES(466,66,6);
INSERT INTO CB_College_Branch VALUES(467,66,7);
INSERT INTO CB_College_Branch VALUES(468,66,9);
INSERT INTO CB_College_Branch VALUES(469,66,19);
INSERT INTO CB_College_Branch VALUES(472,68,6);
INSERT INTO CB_College_Branch VALUES(473,68,9);
INSERT INTO CB_College_Branch VALUES(474,68,19);
INSERT INTO CB_College_Branch VALUES(475,69,6);
INSERT INTO CB_College_Branch VALUES(476,69,6);
INSERT INTO CB_College_Branch VALUES(477,69,7);
INSERT INTO CB_College_Branch VALUES(479,69,9);
INSERT INTO CB_College_Branch VALUES(480,69,9);
INSERT INTO CB_College_Branch VALUES(481,69,11);
INSERT INTO CB_College_Branch VALUES(483,69,19);
INSERT INTO CB_College_Branch VALUES(484,69,19);
INSERT INTO CB_College_Branch VALUES(485,70,2);
INSERT INTO CB_College_Branch VALUES(486,70,2);
INSERT INTO CB_College_Branch VALUES(487,70,6);
INSERT INTO CB_College_Branch VALUES(488,70,6);
INSERT INTO CB_College_Branch VALUES(489,70,7);
INSERT INTO CB_College_Branch VALUES(490,70,7);
INSERT INTO CB_College_Branch VALUES(491,70,9);
INSERT INTO CB_College_Branch VALUES(492,70,9);
INSERT INTO CB_College_Branch VALUES(493,70,11);
INSERT INTO CB_College_Branch VALUES(495,70,16);
INSERT INTO CB_College_Branch VALUES(497,70,19);
INSERT INTO CB_College_Branch VALUES(498,70,19);
INSERT INTO CB_College_Branch VALUES(499,70,20);
INSERT INTO CB_College_Branch VALUES(500,70,20);
INSERT INTO CB_College_Branch VALUES(501,71,2);
INSERT INTO CB_College_Branch VALUES(502,71,6);
INSERT INTO CB_College_Branch VALUES(503,71,7);
INSERT INTO CB_College_Branch VALUES(504,71,9);
INSERT INTO CB_College_Branch VALUES(505,71,11);
INSERT INTO CB_College_Branch VALUES(506,71,19);
INSERT INTO CB_College_Branch VALUES(521,75,6);
INSERT INTO CB_College_Branch VALUES(522,75,6);
INSERT INTO CB_College_Branch VALUES(523,75,7);
INSERT INTO CB_College_Branch VALUES(524,75,9);
INSERT INTO CB_College_Branch VALUES(525,75,11);
INSERT INTO CB_College_Branch VALUES(526,75,19);
INSERT INTO CB_College_Branch VALUES(527,75,19);
INSERT INTO CB_College_Branch VALUES(529,76,6);
INSERT INTO CB_College_Branch VALUES(530,76,7);
INSERT INTO CB_College_Branch VALUES(531,76,9);
INSERT INTO CB_College_Branch VALUES(532,76,11);
INSERT INTO CB_College_Branch VALUES(533,76,19);
INSERT INTO CB_College_Branch VALUES(534,77,2);
INSERT INTO CB_College_Branch VALUES(535,77,6);
INSERT INTO CB_College_Branch VALUES(536,77,19);
INSERT INTO CB_College_Branch VALUES(537,78,2);
INSERT INTO CB_College_Branch VALUES(538,78,6);
INSERT INTO CB_College_Branch VALUES(539,78,9);
INSERT INTO CB_College_Branch VALUES(540,78,19);
INSERT INTO CB_College_Branch VALUES(541,79,2);
INSERT INTO CB_College_Branch VALUES(542,79,2);
INSERT INTO CB_College_Branch VALUES(543,79,6);
INSERT INTO CB_College_Branch VALUES(544,79,7);
INSERT INTO CB_College_Branch VALUES(545,79,9);
INSERT INTO CB_College_Branch VALUES(546,79,19);
INSERT INTO CB_College_Branch VALUES(547,79,19);
INSERT INTO CB_College_Branch VALUES(548,80,6);
INSERT INTO CB_College_Branch VALUES(549,80,7);
INSERT INTO CB_College_Branch VALUES(550,80,7);
INSERT INTO CB_College_Branch VALUES(551,80,9);
INSERT INTO CB_College_Branch VALUES(552,80,9);
INSERT INTO CB_College_Branch VALUES(553,80,11);
INSERT INTO CB_College_Branch VALUES(554,80,11);
INSERT INTO CB_College_Branch VALUES(555,80,19);
INSERT INTO CB_College_Branch VALUES(556,80,19);
INSERT INTO CB_College_Branch VALUES(557,81,6);
INSERT INTO CB_College_Branch VALUES(558,81,7);
INSERT INTO CB_College_Branch VALUES(559,81,9);
INSERT INTO CB_College_Branch VALUES(560,81,16);
INSERT INTO CB_College_Branch VALUES(561,81,19);
INSERT INTO CB_College_Branch VALUES(562,82,9);
INSERT INTO CB_College_Branch VALUES(563,82,19);
INSERT INTO CB_College_Branch VALUES(565,83,9);
INSERT INTO CB_College_Branch VALUES(566,83,9);
INSERT INTO CB_College_Branch VALUES(568,83,19);
INSERT INTO CB_College_Branch VALUES(569,83,19);
INSERT INTO CB_College_Branch VALUES(570,84,2);
INSERT INTO CB_College_Branch VALUES(571,84,6);
INSERT INTO CB_College_Branch VALUES(572,84,6);
INSERT INTO CB_College_Branch VALUES(573,84,7);
INSERT INTO CB_College_Branch VALUES(574,84,9);
INSERT INTO CB_College_Branch VALUES(575,84,9);
INSERT INTO CB_College_Branch VALUES(576,84,19);
INSERT INTO CB_College_Branch VALUES(577,84,19);
INSERT INTO CB_College_Branch VALUES(578,85,2);
INSERT INTO CB_College_Branch VALUES(579,85,7);
INSERT INTO CB_College_Branch VALUES(581,85,9);
INSERT INTO CB_College_Branch VALUES(582,85,11);
INSERT INTO CB_College_Branch VALUES(584,85,17);
INSERT INTO CB_College_Branch VALUES(586,85,19);
INSERT INTO CB_College_Branch VALUES(587,85,19);
INSERT INTO CB_College_Branch VALUES(588,86,2);
INSERT INTO CB_College_Branch VALUES(589,86,6);
INSERT INTO CB_College_Branch VALUES(590,86,6);
INSERT INTO CB_College_Branch VALUES(591,86,7);
INSERT INTO CB_College_Branch VALUES(592,86,9);
INSERT INTO CB_College_Branch VALUES(593,86,9);
INSERT INTO CB_College_Branch VALUES(594,86,11);
INSERT INTO CB_College_Branch VALUES(595,86,19);
INSERT INTO CB_College_Branch VALUES(596,86,19);
INSERT INTO CB_College_Branch VALUES(597,87,6);
INSERT INTO CB_College_Branch VALUES(598,87,7);
INSERT INTO CB_College_Branch VALUES(599,87,9);
INSERT INTO CB_College_Branch VALUES(601,87,19);
INSERT INTO CB_College_Branch VALUES(602,88,6);
INSERT INTO CB_College_Branch VALUES(604,88,7);
INSERT INTO CB_College_Branch VALUES(605,88,9);
INSERT INTO CB_College_Branch VALUES(607,88,11);
INSERT INTO CB_College_Branch VALUES(608,88,19);
INSERT INTO CB_College_Branch VALUES(609,88,19);
INSERT INTO CB_College_Branch VALUES(610,89,6);
INSERT INTO CB_College_Branch VALUES(611,89,16);
INSERT INTO CB_College_Branch VALUES(612,89,9);
INSERT INTO CB_College_Branch VALUES(615,89,19);
INSERT INTO CB_College_Branch VALUES(616,90,2);
INSERT INTO CB_College_Branch VALUES(617,90,6);
INSERT INTO CB_College_Branch VALUES(618,90,6);
INSERT INTO CB_College_Branch VALUES(619,90,7);
INSERT INTO CB_College_Branch VALUES(620,90,9);
INSERT INTO CB_College_Branch VALUES(621,90,9);
INSERT INTO CB_College_Branch VALUES(623,90,19);
INSERT INTO CB_College_Branch VALUES(624,90,19);
INSERT INTO CB_College_Branch VALUES(625,90,28);
INSERT INTO CB_College_Branch VALUES(626,91,2);
INSERT INTO CB_College_Branch VALUES(627,91,5);
INSERT INTO CB_College_Branch VALUES(628,91,6);
INSERT INTO CB_College_Branch VALUES(630,91,7);
INSERT INTO CB_College_Branch VALUES(631,91,9);
INSERT INTO CB_College_Branch VALUES(632,91,11);
INSERT INTO CB_College_Branch VALUES(633,91,19);
INSERT INTO CB_College_Branch VALUES(635,92,6);
INSERT INTO CB_College_Branch VALUES(636,92,9);
INSERT INTO CB_College_Branch VALUES(637,92,19);
INSERT INTO CB_College_Branch VALUES(640,94,6);
INSERT INTO CB_College_Branch VALUES(641,94,7);
INSERT INTO CB_College_Branch VALUES(642,94,9);
INSERT INTO CB_College_Branch VALUES(643,94,11);
INSERT INTO CB_College_Branch VALUES(644,94,19);
INSERT INTO CB_College_Branch VALUES(645,95,6);
INSERT INTO CB_College_Branch VALUES(646,95,6);
INSERT INTO CB_College_Branch VALUES(647,95,7);
INSERT INTO CB_College_Branch VALUES(648,95,9);
INSERT INTO CB_College_Branch VALUES(649,95,19);
INSERT INTO CB_College_Branch VALUES(650,95,19);
INSERT INTO CB_College_Branch VALUES(651,96,2);
INSERT INTO CB_College_Branch VALUES(652,96,6);
INSERT INTO CB_College_Branch VALUES(653,96,7);
INSERT INTO CB_College_Branch VALUES(654,96,9);
INSERT INTO CB_College_Branch VALUES(655,96,19);
INSERT INTO CB_College_Branch VALUES(656,97,6);
INSERT INTO CB_College_Branch VALUES(657,97,7);
INSERT INTO CB_College_Branch VALUES(658,97,9);
INSERT INTO CB_College_Branch VALUES(659,97,11);
INSERT INTO CB_College_Branch VALUES(660,97,16);
INSERT INTO CB_College_Branch VALUES(661,97,19);
INSERT INTO CB_College_Branch VALUES(662,98,6);
INSERT INTO CB_College_Branch VALUES(663,98,7);
INSERT INTO CB_College_Branch VALUES(664,98,9);
INSERT INTO CB_College_Branch VALUES(665,98,16);
INSERT INTO CB_College_Branch VALUES(666,98,19);
INSERT INTO CB_College_Branch VALUES(667,99,6);
INSERT INTO CB_College_Branch VALUES(668,99,9);
INSERT INTO CB_College_Branch VALUES(669,99,19);
INSERT INTO CB_College_Branch VALUES(670,100,6);
INSERT INTO CB_College_Branch VALUES(671,100,19);
INSERT INTO CB_College_Branch VALUES(672,101,6);
INSERT INTO CB_College_Branch VALUES(673,101,9);
INSERT INTO CB_College_Branch VALUES(674,101,19);
INSERT INTO CB_College_Branch VALUES(675,102,2);
INSERT INTO CB_College_Branch VALUES(676,102,6);
INSERT INTO CB_College_Branch VALUES(677,102,9);
INSERT INTO CB_College_Branch VALUES(678,102,19);
INSERT INTO CB_College_Branch VALUES(679,102,41);
INSERT INTO CB_College_Branch VALUES(680,103,5);
INSERT INTO CB_College_Branch VALUES(681,103,5);
INSERT INTO CB_College_Branch VALUES(682,103,7);
INSERT INTO CB_College_Branch VALUES(683,103,9);
INSERT INTO CB_College_Branch VALUES(686,103,19);
INSERT INTO CB_College_Branch VALUES(687,103,19);
INSERT INTO CB_College_Branch VALUES(688,104,2);
INSERT INTO CB_College_Branch VALUES(689,104,6);
INSERT INTO CB_College_Branch VALUES(690,104,7);
INSERT INTO CB_College_Branch VALUES(691,104,9);
INSERT INTO CB_College_Branch VALUES(692,104,11);
INSERT INTO CB_College_Branch VALUES(693,104,19);
INSERT INTO CB_College_Branch VALUES(694,105,2);
INSERT INTO CB_College_Branch VALUES(695,105,6);
INSERT INTO CB_College_Branch VALUES(696,105,7);
INSERT INTO CB_College_Branch VALUES(698,105,9);
INSERT INTO CB_College_Branch VALUES(700,105,11);
INSERT INTO CB_College_Branch VALUES(702,105,16);
INSERT INTO CB_College_Branch VALUES(704,105,19);
INSERT INTO CB_College_Branch VALUES(706,106,6);
INSERT INTO CB_College_Branch VALUES(707,106,7);
INSERT INTO CB_College_Branch VALUES(708,106,9);
INSERT INTO CB_College_Branch VALUES(710,106,19);
INSERT INTO CB_College_Branch VALUES(711,107,6);
INSERT INTO CB_College_Branch VALUES(712,107,7);
INSERT INTO CB_College_Branch VALUES(713,107,9);
INSERT INTO CB_College_Branch VALUES(714,107,19);
INSERT INTO CB_College_Branch VALUES(715,108,2);
INSERT INTO CB_College_Branch VALUES(716,108,6);
INSERT INTO CB_College_Branch VALUES(717,108,6);
INSERT INTO CB_College_Branch VALUES(718,108,7);
INSERT INTO CB_College_Branch VALUES(719,108,9);
INSERT INTO CB_College_Branch VALUES(720,108,19);
INSERT INTO CB_College_Branch VALUES(721,109,6);
INSERT INTO CB_College_Branch VALUES(722,109,9);
INSERT INTO CB_College_Branch VALUES(723,109,19);
INSERT INTO CB_College_Branch VALUES(724,110,6);
INSERT INTO CB_College_Branch VALUES(725,110,9);
INSERT INTO CB_College_Branch VALUES(726,110,19);
INSERT INTO CB_College_Branch VALUES(727,111,6);
INSERT INTO CB_College_Branch VALUES(728,111,7);
INSERT INTO CB_College_Branch VALUES(729,111,9);
INSERT INTO CB_College_Branch VALUES(730,111,11);
INSERT INTO CB_College_Branch VALUES(731,111,19);
INSERT INTO CB_College_Branch VALUES(732,112,6);
INSERT INTO CB_College_Branch VALUES(733,112,7);
INSERT INTO CB_College_Branch VALUES(734,112,9);
INSERT INTO CB_College_Branch VALUES(735,112,19);
INSERT INTO CB_College_Branch VALUES(736,113,6);
INSERT INTO CB_College_Branch VALUES(737,113,6);
INSERT INTO CB_College_Branch VALUES(740,113,9);
INSERT INTO CB_College_Branch VALUES(741,113,9);
INSERT INTO CB_College_Branch VALUES(744,113,19);
INSERT INTO CB_College_Branch VALUES(745,113,19);
INSERT INTO CB_College_Branch VALUES(746,114,6);
INSERT INTO CB_College_Branch VALUES(747,114,7);
INSERT INTO CB_College_Branch VALUES(748,114,9);
INSERT INTO CB_College_Branch VALUES(749,114,9);
INSERT INTO CB_College_Branch VALUES(750,114,11);
INSERT INTO CB_College_Branch VALUES(751,114,19);
INSERT INTO CB_College_Branch VALUES(752,114,19);
INSERT INTO CB_College_Branch VALUES(753,115,6);
INSERT INTO CB_College_Branch VALUES(754,115,9);
INSERT INTO CB_College_Branch VALUES(755,115,19);
INSERT INTO CB_College_Branch VALUES(756,116,2);
INSERT INTO CB_College_Branch VALUES(758,116,6);
INSERT INTO CB_College_Branch VALUES(760,116,7);
INSERT INTO CB_College_Branch VALUES(761,116,7);
INSERT INTO CB_College_Branch VALUES(762,116,9);
INSERT INTO CB_College_Branch VALUES(764,116,11);
INSERT INTO CB_College_Branch VALUES(765,116,19);
INSERT INTO CB_College_Branch VALUES(766,116,19);
INSERT INTO CB_College_Branch VALUES(767,116,41);
INSERT INTO CB_College_Branch VALUES(768,116,41);
INSERT INTO CB_College_Branch VALUES(769,117,2);
INSERT INTO CB_College_Branch VALUES(770,117,6);
INSERT INTO CB_College_Branch VALUES(771,117,6);
INSERT INTO CB_College_Branch VALUES(772,117,7);
INSERT INTO CB_College_Branch VALUES(773,117,7);
INSERT INTO CB_College_Branch VALUES(774,117,9);
INSERT INTO CB_College_Branch VALUES(775,117,11);
INSERT INTO CB_College_Branch VALUES(777,117,16);
INSERT INTO CB_College_Branch VALUES(778,117,19);
INSERT INTO CB_College_Branch VALUES(779,117,19);
INSERT INTO CB_College_Branch VALUES(780,118,6);
INSERT INTO CB_College_Branch VALUES(781,118,9);
INSERT INTO CB_College_Branch VALUES(782,118,9);
INSERT INTO CB_College_Branch VALUES(783,118,19);
INSERT INTO CB_College_Branch VALUES(784,118,19);
INSERT INTO CB_College_Branch VALUES(785,118,41);
INSERT INTO CB_College_Branch VALUES(786,119,6);
INSERT INTO CB_College_Branch VALUES(787,119,6);
INSERT INTO CB_College_Branch VALUES(788,119,7);
INSERT INTO CB_College_Branch VALUES(790,119,9);
INSERT INTO CB_College_Branch VALUES(791,119,9);
INSERT INTO CB_College_Branch VALUES(792,119,11);
INSERT INTO CB_College_Branch VALUES(794,119,19);
INSERT INTO CB_College_Branch VALUES(795,119,19);
INSERT INTO CB_College_Branch VALUES(796,120,6);
INSERT INTO CB_College_Branch VALUES(798,120,7);
INSERT INTO CB_College_Branch VALUES(800,120,9);
INSERT INTO CB_College_Branch VALUES(802,120,16);
INSERT INTO CB_College_Branch VALUES(803,120,19);
INSERT INTO CB_College_Branch VALUES(804,120,19);
INSERT INTO CB_College_Branch VALUES(805,121,7);
INSERT INTO CB_College_Branch VALUES(806,121,11);
INSERT INTO CB_College_Branch VALUES(807,121,41);
INSERT INTO CB_College_Branch VALUES(808,122,6);
INSERT INTO CB_College_Branch VALUES(809,122,7);
INSERT INTO CB_College_Branch VALUES(810,122,9);
INSERT INTO CB_College_Branch VALUES(811,122,9);
INSERT INTO CB_College_Branch VALUES(814,122,19);
INSERT INTO CB_College_Branch VALUES(815,122,19);
INSERT INTO CB_College_Branch VALUES(816,123,9);
INSERT INTO CB_College_Branch VALUES(817,123,19);
INSERT INTO CB_College_Branch VALUES(818,124,41);
INSERT INTO CB_College_Branch VALUES(819,125,2);
INSERT INTO CB_College_Branch VALUES(820,125,6);
INSERT INTO CB_College_Branch VALUES(821,125,9);
INSERT INTO CB_College_Branch VALUES(822,125,19);
INSERT INTO CB_College_Branch VALUES(823,126,6);
INSERT INTO CB_College_Branch VALUES(824,126,7);
INSERT INTO CB_College_Branch VALUES(825,126,9);
INSERT INTO CB_College_Branch VALUES(826,126,19);
INSERT INTO CB_College_Branch VALUES(827,127,5);
INSERT INTO CB_College_Branch VALUES(828,127,9);
INSERT INTO CB_College_Branch VALUES(829,128,6);
INSERT INTO CB_College_Branch VALUES(830,128,7);
INSERT INTO CB_College_Branch VALUES(831,128,9);
INSERT INTO CB_College_Branch VALUES(832,128,19);
INSERT INTO CB_College_Branch VALUES(833,129,2);
INSERT INTO CB_College_Branch VALUES(834,129,6);
INSERT INTO CB_College_Branch VALUES(835,129,7);
INSERT INTO CB_College_Branch VALUES(836,129,9);
INSERT INTO CB_College_Branch VALUES(837,129,19);
INSERT INTO CB_College_Branch VALUES(838,130,6);
INSERT INTO CB_College_Branch VALUES(839,130,7);
INSERT INTO CB_College_Branch VALUES(840,130,9);
INSERT INTO CB_College_Branch VALUES(841,130,19);
INSERT INTO CB_College_Branch VALUES(842,131,2);
INSERT INTO CB_College_Branch VALUES(843,131,6);
INSERT INTO CB_College_Branch VALUES(844,131,7);
INSERT INTO CB_College_Branch VALUES(845,131,9);
INSERT INTO CB_College_Branch VALUES(846,131,19);
INSERT INTO CB_College_Branch VALUES(852,133,5);
INSERT INTO CB_College_Branch VALUES(853,133,6);
INSERT INTO CB_College_Branch VALUES(854,133,7);
INSERT INTO CB_College_Branch VALUES(855,133,9);
INSERT INTO CB_College_Branch VALUES(856,133,19);
INSERT INTO CB_College_Branch VALUES(857,134,2);
INSERT INTO CB_College_Branch VALUES(858,134,6);
INSERT INTO CB_College_Branch VALUES(859,134,7);
INSERT INTO CB_College_Branch VALUES(860,134,9);
INSERT INTO CB_College_Branch VALUES(861,134,19);
INSERT INTO CB_College_Branch VALUES(862,135,2);
INSERT INTO CB_College_Branch VALUES(863,135,6);
INSERT INTO CB_College_Branch VALUES(864,135,9);
INSERT INTO CB_College_Branch VALUES(865,135,19);
INSERT INTO CB_College_Branch VALUES(869,137,6);
INSERT INTO CB_College_Branch VALUES(870,137,9);
INSERT INTO CB_College_Branch VALUES(871,137,19);
INSERT INTO CB_College_Branch VALUES(873,8,28);
INSERT INTO CB_College_Branch VALUES(874,25,50);
INSERT INTO CB_College_Branch VALUES(877,119,5);
INSERT INTO CB_College_Branch VALUES(878,138,2);
INSERT INTO CB_College_Branch VALUES(879,138,6);
INSERT INTO CB_College_Branch VALUES(880,138,7);
INSERT INTO CB_College_Branch VALUES(881,138,9);
INSERT INTO CB_College_Branch VALUES(882,138,19);
INSERT INTO CB_College_Branch VALUES(884,76,2);
INSERT INTO CB_College_Branch VALUES(885,105,7);
INSERT INTO CB_College_Branch VALUES(886,105,9);
INSERT INTO CB_College_Branch VALUES(887,105,11);
INSERT INTO CB_College_Branch VALUES(888,105,16);
INSERT INTO CB_College_Branch VALUES(889,105,19);
INSERT INTO CB_College_Branch VALUES(891,116,52);
INSERT INTO CB_College_Branch VALUES(892,116,3);
INSERT INTO CB_College_Branch VALUES(893,116,5);
INSERT INTO CB_College_Branch VALUES(894,139,5);
INSERT INTO CB_College_Branch VALUES(895,139,6);
INSERT INTO CB_College_Branch VALUES(896,139,9);
INSERT INTO CB_College_Branch VALUES(897,139,19);
INSERT INTO CB_College_Branch VALUES(898,140,5);
INSERT INTO CB_College_Branch VALUES(899,140,6);
INSERT INTO CB_College_Branch VALUES(900,140,7);
INSERT INTO CB_College_Branch VALUES(901,140,9);
INSERT INTO CB_College_Branch VALUES(902,140,19);
INSERT INTO CB_College_Branch VALUES(903,141,6);
INSERT INTO CB_College_Branch VALUES(904,141,7);
INSERT INTO CB_College_Branch VALUES(905,141,19);
INSERT INTO CB_College_Branch VALUES(906,141,20);
INSERT INTO CB_College_Branch VALUES(907,141,53);
INSERT INTO CB_College_Branch VALUES(909,67,9);
INSERT INTO CB_College_Branch VALUES(910,142,6);
INSERT INTO CB_College_Branch VALUES(911,142,19);
INSERT INTO CB_College_Branch VALUES(912,33,54);
INSERT INTO CB_College_Branch VALUES(913,3,54);
INSERT INTO CB_College_Branch VALUES(914,6,54);
INSERT INTO CB_College_Branch VALUES(915,8,54);
INSERT INTO CB_College_Branch VALUES(916,9,54);
INSERT INTO CB_College_Branch VALUES(917,22,54);
INSERT INTO CB_College_Branch VALUES(918,24,54);
INSERT INTO CB_College_Branch VALUES(919,27,54);
INSERT INTO CB_College_Branch VALUES(920,36,11);
INSERT INTO CB_College_Branch VALUES(921,36,11);
INSERT INTO CB_College_Branch VALUES(924,54,11);
INSERT INTO CB_College_Branch VALUES(925,54,16);
INSERT INTO CB_College_Branch VALUES(926,55,11);
INSERT INTO CB_College_Branch VALUES(927,89,11);
INSERT INTO CB_College_Branch VALUES(928,89,7);
INSERT INTO CB_College_Branch VALUES(929,116,2);
INSERT INTO CB_College_Branch VALUES(930,116,9);
INSERT INTO CB_College_Branch VALUES(931,116,11);
INSERT INTO CB_College_Branch VALUES(932,116,6);
INSERT INTO CB_College_Branch VALUES(933,116,51);
INSERT INTO CB_College_Branch VALUES(934,120,11);
INSERT INTO CB_College_Branch VALUES(935,120,11);
INSERT INTO CB_College_Branch VALUES(936,120,6);
INSERT INTO CB_College_Branch VALUES(937,120,7);
INSERT INTO CB_College_Branch VALUES(938,120,16);
INSERT INTO CB_College_Branch VALUES(939,143,6);
INSERT INTO CB_College_Branch VALUES(940,143,6);
INSERT INTO CB_College_Branch VALUES(941,143,7);
INSERT INTO CB_College_Branch VALUES(942,143,9);
INSERT INTO CB_College_Branch VALUES(944,143,11);
INSERT INTO CB_College_Branch VALUES(945,143,19);
INSERT INTO CB_College_Branch VALUES(946,143,19);
INSERT INTO CB_College_Branch VALUES(947,143,9);
INSERT INTO CB_College_Branch VALUES(948,36,21);
INSERT INTO CB_College_Branch VALUES(949,119,41);
INSERT INTO CB_College_Branch VALUES(950,119,23);
INSERT INTO CB_College_Branch VALUES(951,144,9);
INSERT INTO CB_College_Branch VALUES(952,144,19);
INSERT INTO CB_College_Branch VALUES(953,145,55);
INSERT INTO CB_College_Branch VALUES(954,145,23);
INSERT INTO CB_College_Branch VALUES(955,146,6);
INSERT INTO CB_College_Branch VALUES(956,146,7);
INSERT INTO CB_College_Branch VALUES(957,146,9);
INSERT INTO CB_College_Branch VALUES(958,146,19);
DELETE FROM sqlite_sequence;
INSERT INTO sqlite_sequence VALUES('User',1);
INSERT INTO sqlite_sequence VALUES('Zone',5);
INSERT INTO sqlite_sequence VALUES('State',22);
INSERT INTO sqlite_sequence VALUES('District',30);
INSERT INTO sqlite_sequence VALUES('City',56);
INSERT INTO sqlite_sequence VALUES('CollegeType',4);
INSERT INTO sqlite_sequence VALUES('Bank',967);
INSERT INTO sqlite_sequence VALUES('HelpCenter',115);
INSERT INTO sqlite_sequence VALUES('Branch',55);
INSERT INTO sqlite_sequence VALUES('University',8);
INSERT INTO sqlite_sequence VALUES('College',146);
INSERT INTO sqlite_sequence VALUES('CB_College_Branch',958);
CREATE INDEX CB_College_Branch_idx_college_by_branch ON CB_College_Branch(branch_id);
CREATE INDEX CB_College_Branch_idx_branch_by_college ON CB_College_Branch(college_id);
COMMIT;
